citizenId,name,gender,dob,occupation,incomeCategory,mobile
C00001,Citizen_1,M,1997-09-07,Unemployed,Middle,9000000000
C00002,Citizen_2,F,2009-06-26,Private Employee,High,9000000001
C00003,Citizen_3,M,1966-07-01,Retired,Middle,9000000002
C00004,Citizen_4,M,1978-04-16,Retired,Low,9000000003
C00005,Citizen_5,F,1969-12-22,Farmer,High,9000000004
C00006,Citizen_6,F,1979-09-23,Agricultural Labour,Middle,9000000005
C00007,Citizen_7,F,2000-04-16,Business Owner,High,9000000006
C00008,Citizen_8,F,1963-06-05,Government Employee,High,9000000007
C00009,Citizen_9,M,2004-12-02,Private Employee,Middle,9000000008
C00010,Citizen_10,F,1979-11-28,Private Employee,Low,9000000009
C00011,Citizen_11,F,1981-07-22,Retired,Middle,9000000010
C00012,Citizen_12,F,1985-02-17,Business Owner,Middle,9000000011
C00013,Citizen_13,M,2004-09-13,Agricultural Labour,Low,9000000012
C00014,Citizen_14,F,2008-10-28,Farmer,High,9000000013
C00015,Citizen_15,F,1989-11-06,Private Employee,Middle,9000000014
C00016,Citizen_16,F,1978-03-07,Government Employee,High,9000000015
C00017,Citizen_17,M,2007-11-01,Student,High,9000000016
C00018,Citizen_18,M,2003-03-13,Unemployed,High,9000000017
C00019,Citizen_19,M,1963-02-12,Retired,Low,9000000018
C00020,Citizen_20,M,1967-09-21,Student,High,9000000019
C00021,Citizen_21,F,1969-11-24,Unemployed,Low,9000000020
C00022,Citizen_22,M,1967-04-13,Retired,Middle,9000000021
C00023,Citizen_23,M,2001-12-13,Agricultural Labour,Middle,9000000022
C00024,Citizen_24,F,1977-11-21,Retired,Middle,9000000023
C00025,Citizen_25,M,1967-02-03,Agricultural Labour,Middle,9000000024
C00026,Citizen_26,M,1961-10-19,Retired,Middle,9000000025
C00027,Citizen_27,M,2010-10-06,Unemployed,Middle,9000000026
C00028,Citizen_28,F,1979-10-05,Agricultural Labour,Middle,9000000027
C00029,Citizen_29,M,2005-09-06,Unemployed,High,9000000028
C00030,Citizen_30,M,1985-09-27,Retired,Low,9000000029
C00031,Citizen_31,M,2008-04-22,Agricultural Labour,Low,9000000030
C00032,Citizen_32,M,1960-09-15,Student,Low,9000000031
C00033,Citizen_33,M,1968-10-07,Private Employee,Low,9000000032
C00034,Citizen_34,F,2008-01-03,Agricultural Labour,High,9000000033
C00035,Citizen_35,F,1983-09-06,Unemployed,High,9000000034
C00036,Citizen_36,M,1975-05-02,Business Owner,High,9000000035
C00037,Citizen_37,F,1968-10-16,Student,High,9000000036
C00038,Citizen_38,F,1998-09-17,Government Employee,High,9000000037
C00039,Citizen_39,M,2002-01-08,Farmer,Low,9000000038
C00040,Citizen_40,M,1979-04-05,Government Employee,High,9000000039
C00041,Citizen_41,F,1977-03-24,Unemployed,Low,9000000040
C00042,Citizen_42,F,1976-07-21,Private Employee,Middle,9000000041
C00043,Citizen_43,F,1965-05-22,Unemployed,High,9000000042
C00044,Citizen_44,M,1994-04-03,Business Owner,High,9000000043
C00045,Citizen_45,M,2005-06-19,Private Employee,Middle,9000000044
C00046,Citizen_46,M,1980-07-13,Farmer,High,9000000045
C00047,Citizen_47,M,1964-05-04,Agricultural Labour,High,9000000046
C00048,Citizen_48,F,1964-06-21,Agricultural Labour,Middle,9000000047
C00049,Citizen_49,F,2009-05-05,Government Employee,Middle,9000000048
C00050,Citizen_50,M,1966-07-08,Unemployed,Low,9000000049
C00051,Citizen_51,M,1971-09-24,Business Owner,High,9000000050
C00052,Citizen_52,F,1966-09-12,Business Owner,High,9000000051
C00053,Citizen_53,F,1998-02-02,Private Employee,Middle,9000000052
C00054,Citizen_54,F,1971-06-26,Unemployed,Middle,9000000053
C00055,Citizen_55,M,1976-01-22,Private Employee,High,9000000054
C00056,Citizen_56,M,1969-07-19,Business Owner,Low,9000000055
C00057,Citizen_57,F,2005-04-22,Unemployed,High,9000000056
C00058,Citizen_58,F,1971-08-12,Retired,High,9000000057
C00059,Citizen_59,F,1977-07-17,Government Employee,Middle,9000000058
C00060,Citizen_60,M,1979-07-25,Student,Low,9000000059
C00061,Citizen_61,M,1964-12-08,Agricultural Labour,Low,9000000060
C00062,Citizen_62,M,1965-12-10,Retired,Low,9000000061
C00063,Citizen_63,F,2003-09-24,Private Employee,Middle,9000000062
C00064,Citizen_64,F,1992-11-22,Agricultural Labour,Middle,9000000063
C00065,Citizen_65,M,1999-04-27,Farmer,High,9000000064
C00066,Citizen_66,F,2004-09-24,Student,Low,9000000065
C00067,Citizen_67,M,1998-08-06,Government Employee,Low,9000000066
C00068,Citizen_68,M,1983-03-17,Student,Low,9000000067
C00069,Citizen_69,F,1991-07-06,Student,Low,9000000068
C00070,Citizen_70,F,2003-04-27,Agricultural Labour,Middle,9000000069
C00071,Citizen_71,F,1990-05-09,Government Employee,Low,9000000070
C00072,Citizen_72,F,1973-05-21,Farmer,Middle,9000000071
C00073,Citizen_73,F,1963-06-01,Retired,Middle,9000000072
C00074,Citizen_74,F,1982-02-01,Student,High,9000000073
C00075,Citizen_75,M,1985-06-01,Agricultural Labour,Middle,9000000074
C00076,Citizen_76,F,1972-02-17,Private Employee,Middle,9000000075
C00077,Citizen_77,M,1991-01-05,Business Owner,Low,9000000076
C00078,Citizen_78,F,1985-06-10,Student,Middle,9000000077
C00079,Citizen_79,M,1994-05-04,Retired,High,9000000078
C00080,Citizen_80,F,1970-03-12,Unemployed,Low,9000000079
C00081,Citizen_81,F,2005-04-04,Government Employee,Middle,9000000080
C00082,Citizen_82,M,1968-07-14,Student,Low,9000000081
C00083,Citizen_83,M,2002-04-16,Business Owner,Low,9000000082
C00084,Citizen_84,F,1991-09-16,Private Employee,Middle,9000000083
C00085,Citizen_85,F,1992-12-24,Unemployed,Low,9000000084
C00086,Citizen_86,M,1966-01-05,Private Employee,Middle,9000000085
C00087,Citizen_87,M,2009-11-08,Farmer,High,9000000086
C00088,Citizen_88,F,1987-10-24,Farmer,Middle,9000000087
C00089,Citizen_89,F,1978-05-16,Agricultural Labour,Middle,9000000088
C00090,Citizen_90,M,1999-03-24,Private Employee,Low,9000000089
C00091,Citizen_91,F,2009-02-28,Business Owner,High,9000000090
C00092,Citizen_92,M,2002-07-07,Retired,High,9000000091
C00093,Citizen_93,M,2004-12-17,Private Employee,Low,9000000092
C00094,Citizen_94,M,1974-02-05,Unemployed,Low,9000000093
C00095,Citizen_95,F,1972-03-14,Farmer,High,9000000094
C00096,Citizen_96,M,1965-01-13,Unemployed,High,9000000095
C00097,Citizen_97,F,2004-11-08,Government Employee,Middle,9000000096
C00098,Citizen_98,F,1990-01-17,Unemployed,High,9000000097
C00099,Citizen_99,M,1979-02-09,Student,Middle,9000000098
C00100,Citizen_100,F,2005-07-08,Student,Low,9000000099
C00101,Citizen_101,M,1962-01-02,Student,Low,9000000100
C00102,Citizen_102,F,1990-05-20,Agricultural Labour,Middle,9000000101
C00103,Citizen_103,M,1976-08-12,Student,Middle,9000000102
C00104,Citizen_104,M,1966-11-01,Private Employee,Middle,9000000103
C00105,Citizen_105,F,2007-06-24,Student,Low,9000000104
C00106,Citizen_106,F,1973-10-13,Agricultural Labour,Low,9000000105
C00107,Citizen_107,M,2000-12-20,Agricultural Labour,Low,9000000106
C00108,Citizen_108,M,1972-12-15,Agricultural Labour,Low,9000000107
C00109,Citizen_109,F,1979-12-16,Government Employee,High,9000000108
C00110,Citizen_110,M,1962-03-07,Unemployed,High,9000000109
C00111,Citizen_111,F,2008-09-12,Student,Middle,9000000110
C00112,Citizen_112,M,1987-02-16,Unemployed,High,9000000111
C00113,Citizen_113,M,1970-10-09,Private Employee,Middle,9000000112
C00114,Citizen_114,M,1996-01-26,Government Employee,High,9000000113
C00115,Citizen_115,F,1991-11-18,Agricultural Labour,Low,9000000114
C00116,Citizen_116,F,2008-09-13,Unemployed,Middle,9000000115
C00117,Citizen_117,F,1973-03-01,Private Employee,High,9000000116
C00118,Citizen_118,M,1997-12-01,Retired,High,9000000117
C00119,Citizen_119,F,1979-04-10,Business Owner,High,9000000118
C00120,Citizen_120,M,1970-04-02,Government Employee,Middle,9000000119
C00121,Citizen_121,M,2000-03-09,Private Employee,Middle,9000000120
C00122,Citizen_122,M,2001-04-27,Government Employee,High,9000000121
C00123,Citizen_123,M,1960-11-12,Student,Middle,9000000122
C00124,Citizen_124,M,2005-09-09,Private Employee,Middle,9000000123
C00125,Citizen_125,F,1980-01-21,Farmer,Middle,9000000124
C00126,Citizen_126,M,2006-05-06,Business Owner,Low,9000000125
C00127,Citizen_127,M,2006-12-23,Unemployed,High,9000000126
C00128,Citizen_128,F,2000-11-20,Government Employee,Middle,9000000127
C00129,Citizen_129,M,1980-05-07,Unemployed,Low,9000000128
C00130,Citizen_130,F,1974-12-24,Unemployed,Middle,9000000129
C00131,Citizen_131,M,1990-02-16,Private Employee,Middle,9000000130
C00132,Citizen_132,M,1971-04-19,Retired,High,9000000131
C00133,Citizen_133,M,2001-05-01,Business Owner,Low,9000000132
C00134,Citizen_134,M,1985-11-20,Government Employee,Low,9000000133
C00135,Citizen_135,M,1964-07-08,Retired,High,9000000134
C00136,Citizen_136,F,1966-12-17,Private Employee,High,9000000135
C00137,Citizen_137,M,1998-02-13,Unemployed,Low,9000000136
C00138,Citizen_138,M,1960-11-02,Private Employee,Low,9000000137
C00139,Citizen_139,M,1977-03-21,Farmer,Low,9000000138
C00140,Citizen_140,M,1994-12-27,Student,High,9000000139
C00141,Citizen_141,M,1972-03-16,Retired,Low,9000000140
C00142,Citizen_142,F,1981-08-05,Government Employee,Low,9000000141
C00143,Citizen_143,F,2000-09-04,Farmer,Low,9000000142
C00144,Citizen_144,M,1994-05-04,Unemployed,Low,9000000143
C00145,Citizen_145,M,1974-01-08,Unemployed,Middle,9000000144
C00146,Citizen_146,M,1982-11-10,Government Employee,High,9000000145
C00147,Citizen_147,F,2003-12-27,Agricultural Labour,Middle,9000000146
C00148,Citizen_148,M,1967-04-04,Business Owner,Middle,9000000147
C00149,Citizen_149,M,1999-06-04,Student,Low,9000000148
C00150,Citizen_150,M,1998-03-06,Unemployed,High,9000000149
C00151,Citizen_151,F,1998-03-22,Unemployed,Low,9000000150
C00152,Citizen_152,F,1999-05-12,Agricultural Labour,Middle,9000000151
C00153,Citizen_153,F,2002-06-09,Agricultural Labour,Low,9000000152
C00154,Citizen_154,M,2009-11-05,Student,Low,9000000153
C00155,Citizen_155,F,1988-12-26,Retired,Low,9000000154
C00156,Citizen_156,M,1996-07-24,Business Owner,Low,9000000155
C00157,Citizen_157,M,1980-03-06,Unemployed,Middle,9000000156
C00158,Citizen_158,F,1991-07-16,Unemployed,High,9000000157
C00159,Citizen_159,F,1968-11-08,Unemployed,Middle,9000000158
C00160,Citizen_160,F,1994-09-16,Government Employee,Middle,9000000159
C00161,Citizen_161,M,1997-12-14,Government Employee,High,9000000160
C00162,Citizen_162,M,1975-06-01,Government Employee,Low,9000000161
C00163,Citizen_163,F,1995-08-05,Agricultural Labour,Low,9000000162
C00164,Citizen_164,F,1983-03-10,Retired,Low,9000000163
C00165,Citizen_165,F,1975-04-27,Government Employee,Low,9000000164
C00166,Citizen_166,M,1967-12-23,Private Employee,Middle,9000000165
C00167,Citizen_167,M,2004-07-12,Farmer,High,9000000166
C00168,Citizen_168,M,2002-10-03,Retired,High,9000000167
C00169,Citizen_169,M,1961-03-12,Private Employee,Low,9000000168
C00170,Citizen_170,M,1964-01-19,Unemployed,Low,9000000169
C00171,Citizen_171,M,1990-12-05,Business Owner,Middle,9000000170
C00172,Citizen_172,F,2006-06-15,Farmer,Middle,9000000171
C00173,Citizen_173,M,1969-01-21,Farmer,High,9000000172
C00174,Citizen_174,M,1992-03-01,Unemployed,Middle,9000000173
C00175,Citizen_175,F,1995-12-27,Business Owner,High,9000000174
C00176,Citizen_176,F,2005-04-14,Private Employee,Middle,9000000175
C00177,Citizen_177,M,1993-07-05,Government Employee,Middle,9000000176
C00178,Citizen_178,M,1974-07-06,Agricultural Labour,High,9000000177
C00179,Citizen_179,F,1990-06-21,Unemployed,Middle,9000000178
C00180,Citizen_180,M,1963-06-21,Unemployed,Low,9000000179
C00181,Citizen_181,F,1966-02-03,Student,High,9000000180
C00182,Citizen_182,F,1961-04-10,Private Employee,High,9000000181
C00183,Citizen_183,M,1964-04-20,Farmer,Middle,9000000182
C00184,Citizen_184,M,1995-04-21,Farmer,Low,9000000183
C00185,Citizen_185,F,1965-10-19,Farmer,High,9000000184
C00186,Citizen_186,F,1962-01-11,Agricultural Labour,Middle,9000000185
C00187,Citizen_187,M,1982-05-13,Government Employee,Middle,9000000186
C00188,Citizen_188,F,2006-06-05,Agricultural Labour,Middle,9000000187
C00189,Citizen_189,F,2007-09-04,Private Employee,Low,9000000188
C00190,Citizen_190,F,1990-10-28,Farmer,Middle,9000000189
C00191,Citizen_191,M,1969-11-15,Agricultural Labour,High,9000000190
C00192,Citizen_192,M,2005-04-07,Private Employee,High,9000000191
C00193,Citizen_193,M,1992-09-24,Student,Middle,9000000192
C00194,Citizen_194,M,1981-05-12,Unemployed,Low,9000000193
C00195,Citizen_195,F,1975-04-20,Agricultural Labour,Low,9000000194
C00196,Citizen_196,F,1966-01-05,Business Owner,High,9000000195
C00197,Citizen_197,M,1991-02-15,Student,Low,9000000196
C00198,Citizen_198,F,1970-02-09,Student,Middle,9000000197
C00199,Citizen_199,M,1964-03-23,Retired,Middle,9000000198
C00200,Citizen_200,F,1976-08-21,Private Employee,Low,9000000199
C00201,Citizen_201,F,1962-06-28,Business Owner,Middle,9000000200
C00202,Citizen_202,F,1999-11-05,Retired,Middle,9000000201
C00203,Citizen_203,F,1983-02-22,Unemployed,High,9000000202
C00204,Citizen_204,F,1976-11-02,Farmer,High,9000000203
C00205,Citizen_205,M,2004-09-01,Private Employee,Low,9000000204
C00206,Citizen_206,F,1984-03-19,Unemployed,Low,9000000205
C00207,Citizen_207,M,1984-08-22,Agricultural Labour,Middle,9000000206
C00208,Citizen_208,F,1989-11-18,Retired,Low,9000000207
C00209,Citizen_209,M,1971-12-04,Unemployed,Middle,9000000208
C00210,Citizen_210,M,1985-06-03,Student,Middle,9000000209
C00211,Citizen_211,F,1973-12-24,Retired,Low,9000000210
C00212,Citizen_212,F,1989-01-18,Private Employee,Middle,9000000211
C00213,Citizen_213,M,2000-04-11,Farmer,High,9000000212
C00214,Citizen_214,F,1963-06-26,Unemployed,Middle,9000000213
C00215,Citizen_215,M,1963-04-28,Farmer,High,9000000214
C00216,Citizen_216,F,1977-05-21,Private Employee,Low,9000000215
C00217,Citizen_217,M,1964-05-13,Agricultural Labour,Middle,9000000216
C00218,Citizen_218,F,1986-09-07,Business Owner,Low,9000000217
C00219,Citizen_219,M,1965-07-11,Business Owner,Low,9000000218
C00220,Citizen_220,M,1982-07-16,Retired,High,9000000219
C00221,Citizen_221,M,2004-07-12,Unemployed,Low,9000000220
C00222,Citizen_222,M,1964-12-22,Private Employee,Middle,9000000221
C00223,Citizen_223,F,1960-03-15,Private Employee,Middle,9000000222
C00224,Citizen_224,F,1967-11-14,Business Owner,High,9000000223
C00225,Citizen_225,M,1988-03-21,Retired,High,9000000224
C00226,Citizen_226,M,1962-04-24,Government Employee,Middle,9000000225
C00227,Citizen_227,M,1998-07-07,Student,Low,9000000226
C00228,Citizen_228,M,2003-10-01,Student,Middle,9000000227
C00229,Citizen_229,M,1979-05-17,Agricultural Labour,High,9000000228
C00230,Citizen_230,F,2001-08-14,Unemployed,Middle,9000000229
C00231,Citizen_231,F,1994-07-17,Student,Low,9000000230
C00232,Citizen_232,M,1989-07-12,Private Employee,High,9000000231
C00233,Citizen_233,M,1994-07-13,Business Owner,High,9000000232
C00234,Citizen_234,F,2000-05-23,Agricultural Labour,Low,9000000233
C00235,Citizen_235,M,1965-11-01,Unemployed,Low,9000000234
C00236,Citizen_236,F,2007-10-18,Agricultural Labour,High,9000000235
C00237,Citizen_237,F,1992-10-26,Farmer,High,9000000236
C00238,Citizen_238,F,1986-04-08,Retired,High,9000000237
C00239,Citizen_239,F,1967-04-28,Retired,Low,9000000238
C00240,Citizen_240,F,2010-08-14,Unemployed,Low,9000000239
C00241,Citizen_241,F,2010-04-17,Business Owner,Middle,9000000240
C00242,Citizen_242,F,1979-07-22,Government Employee,Low,9000000241
C00243,Citizen_243,F,1962-01-01,Private Employee,Middle,9000000242
C00244,Citizen_244,F,1981-03-19,Unemployed,Low,9000000243
C00245,Citizen_245,F,1972-10-21,Unemployed,Low,9000000244
C00246,Citizen_246,F,1968-11-13,Private Employee,Middle,9000000245
C00247,Citizen_247,F,1993-03-14,Government Employee,Low,9000000246
C00248,Citizen_248,M,1992-02-21,Unemployed,High,9000000247
C00249,Citizen_249,F,1995-03-11,Government Employee,Low,9000000248
C00250,Citizen_250,M,1961-07-01,Private Employee,Low,9000000249
C00251,Citizen_251,M,1996-07-01,Private Employee,Middle,9000000250
C00252,Citizen_252,F,1971-04-21,Government Employee,Middle,9000000251
C00253,Citizen_253,M,1994-04-24,Unemployed,Middle,9000000252
C00254,Citizen_254,M,1977-02-05,Farmer,High,9000000253
C00255,Citizen_255,M,1967-08-20,Agricultural Labour,Low,9000000254
C00256,Citizen_256,M,1978-05-06,Agricultural Labour,Low,9000000255
C00257,Citizen_257,F,1983-04-13,Agricultural Labour,Middle,9000000256
C00258,Citizen_258,M,1986-02-16,Agricultural Labour,Low,9000000257
C00259,Citizen_259,F,1984-06-21,Retired,Low,9000000258
C00260,Citizen_260,M,1979-01-06,Farmer,Low,9000000259
C00261,Citizen_261,F,1982-08-20,Farmer,Low,9000000260
C00262,Citizen_262,F,1967-04-20,Farmer,High,9000000261
C00263,Citizen_263,M,1993-09-25,Private Employee,Low,9000000262
C00264,Citizen_264,F,1967-04-01,Student,Low,9000000263
C00265,Citizen_265,M,1965-12-23,Private Employee,Middle,9000000264
C00266,Citizen_266,F,1990-04-03,Student,High,9000000265
C00267,Citizen_267,F,1989-12-26,Retired,Middle,9000000266
C00268,Citizen_268,F,1972-05-06,Government Employee,High,9000000267
C00269,Citizen_269,F,1985-02-19,Business Owner,Low,9000000268
C00270,Citizen_270,M,2006-08-14,Retired,Middle,9000000269
C00271,Citizen_271,F,1980-10-04,Unemployed,Middle,9000000270
C00272,Citizen_272,M,1996-06-12,Agricultural Labour,Middle,9000000271
C00273,Citizen_273,M,1962-09-09,Unemployed,Middle,9000000272
C00274,Citizen_274,F,1985-01-04,Private Employee,Middle,9000000273
C00275,Citizen_275,F,2010-03-12,Government Employee,Low,9000000274
C00276,Citizen_276,M,2002-06-12,Private Employee,Middle,9000000275
C00277,Citizen_277,M,1960-06-23,Farmer,High,9000000276
C00278,Citizen_278,F,1973-08-19,Student,Low,9000000277
C00279,Citizen_279,M,1984-05-20,Government Employee,High,9000000278
C00280,Citizen_280,M,1966-09-09,Agricultural Labour,High,9000000279
C00281,Citizen_281,F,2003-07-11,Student,Low,9000000280
C00282,Citizen_282,M,1963-08-16,Farmer,Middle,9000000281
C00283,Citizen_283,F,1967-02-15,Private Employee,High,9000000282
C00284,Citizen_284,F,1997-07-08,Farmer,Middle,9000000283
C00285,Citizen_285,M,2001-10-01,Retired,Middle,9000000284
C00286,Citizen_286,M,1985-01-18,Farmer,Middle,9000000285
C00287,Citizen_287,M,1964-08-04,Unemployed,High,9000000286
C00288,Citizen_288,F,1977-06-25,Student,Middle,9000000287
C00289,Citizen_289,M,1995-06-16,Farmer,Middle,9000000288
C00290,Citizen_290,F,2004-08-16,Agricultural Labour,Middle,9000000289
C00291,Citizen_291,M,1961-04-02,Farmer,Low,9000000290
C00292,Citizen_292,M,1980-12-24,Unemployed,Low,9000000291
C00293,Citizen_293,M,1965-04-24,Student,High,9000000292
C00294,Citizen_294,M,2004-01-09,Farmer,Low,9000000293
C00295,Citizen_295,M,1979-02-09,Student,High,9000000294
C00296,Citizen_296,F,1977-12-06,Private Employee,High,9000000295
C00297,Citizen_297,F,1967-03-11,Private Employee,High,9000000296
C00298,Citizen_298,F,2000-08-22,Agricultural Labour,High,9000000297
C00299,Citizen_299,M,1996-08-22,Retired,Middle,9000000298
C00300,Citizen_300,F,2009-12-16,Government Employee,Low,9000000299
C00301,Citizen_301,F,2009-05-23,Agricultural Labour,Middle,9000000300
C00302,Citizen_302,M,2002-11-24,Government Employee,High,9000000301
C00303,Citizen_303,M,1964-08-02,Government Employee,Low,9000000302
C00304,Citizen_304,M,1989-07-07,Retired,Low,9000000303
C00305,Citizen_305,F,1973-10-25,Student,Middle,9000000304
C00306,Citizen_306,F,2001-03-28,Agricultural Labour,Low,9000000305
C00307,Citizen_307,M,1983-07-15,Government Employee,Middle,9000000306
C00308,Citizen_308,M,1964-05-14,Private Employee,High,9000000307
C00309,Citizen_309,F,1996-11-04,Private Employee,Middle,9000000308
C00310,Citizen_310,M,2007-02-08,Farmer,Middle,9000000309
C00311,Citizen_311,M,1977-01-16,Retired,Middle,9000000310
C00312,Citizen_312,F,1967-09-03,Student,Middle,9000000311
C00313,Citizen_313,M,1969-07-17,Unemployed,High,9000000312
C00314,Citizen_314,F,1963-08-09,Student,Low,9000000313
C00315,Citizen_315,M,2001-07-24,Unemployed,Low,9000000314
C00316,Citizen_316,F,1972-07-06,Business Owner,High,9000000315
C00317,Citizen_317,F,1993-07-04,Farmer,High,9000000316
C00318,Citizen_318,M,1967-04-04,Farmer,Low,9000000317
C00319,Citizen_319,F,1975-02-18,Agricultural Labour,Middle,9000000318
C00320,Citizen_320,M,1999-12-23,Unemployed,Middle,9000000319
C00321,Citizen_321,F,1966-04-24,Business Owner,Middle,9000000320
C00322,Citizen_322,M,1970-04-12,Business Owner,High,9000000321
C00323,Citizen_323,F,2006-01-04,Private Employee,High,9000000322
C00324,Citizen_324,F,2007-05-28,Government Employee,Low,9000000323
C00325,Citizen_325,F,2003-02-06,Private Employee,Middle,9000000324
C00326,Citizen_326,F,1969-01-22,Retired,Middle,9000000325
C00327,Citizen_327,F,1961-03-09,Agricultural Labour,Low,9000000326
C00328,Citizen_328,M,1998-06-16,Farmer,Middle,9000000327
C00329,Citizen_329,M,1990-02-02,Farmer,High,9000000328
C00330,Citizen_330,F,1974-09-17,Private Employee,Low,9000000329
C00331,Citizen_331,M,1966-05-26,Student,Middle,9000000330
C00332,Citizen_332,F,2007-06-18,Business Owner,High,9000000331
C00333,Citizen_333,F,1976-06-15,Farmer,Middle,9000000332
C00334,Citizen_334,F,2005-06-17,Retired,Low,9000000333
C00335,Citizen_335,F,2003-09-24,Farmer,Low,9000000334
C00336,Citizen_336,F,1974-11-05,Student,Middle,9000000335
C00337,Citizen_337,M,1975-10-24,Unemployed,Middle,9000000336
C00338,Citizen_338,M,2007-02-07,Unemployed,High,9000000337
C00339,Citizen_339,M,1977-11-22,Retired,High,9000000338
C00340,Citizen_340,M,1976-11-12,Student,Middle,9000000339
C00341,Citizen_341,F,1977-05-07,Farmer,High,9000000340
C00342,Citizen_342,F,1999-02-14,Retired,High,9000000341
C00343,Citizen_343,F,1978-02-01,Retired,High,9000000342
C00344,Citizen_344,M,1989-11-05,Business Owner,High,9000000343
C00345,Citizen_345,M,1979-08-10,Agricultural Labour,Middle,9000000344
C00346,Citizen_346,M,1989-01-07,Business Owner,High,9000000345
C00347,Citizen_347,M,1963-08-10,Farmer,Middle,9000000346
C00348,Citizen_348,F,2002-01-02,Business Owner,Low,9000000347
C00349,Citizen_349,F,1978-09-22,Private Employee,Low,9000000348
C00350,Citizen_350,F,1969-12-07,Unemployed,High,9000000349
C00351,Citizen_351,M,1978-04-02,Retired,Middle,9000000350
C00352,Citizen_352,M,2003-11-13,Unemployed,Middle,9000000351
C00353,Citizen_353,M,1976-05-20,Business Owner,Low,9000000352
C00354,Citizen_354,F,2003-06-26,Private Employee,High,9000000353
C00355,Citizen_355,M,1976-03-14,Government Employee,Middle,9000000354
C00356,Citizen_356,F,1965-05-19,Retired,High,9000000355
C00357,Citizen_357,M,1984-07-04,Private Employee,High,9000000356
C00358,Citizen_358,F,2004-06-17,Student,Middle,9000000357
C00359,Citizen_359,F,1987-08-14,Unemployed,Middle,9000000358
C00360,Citizen_360,M,1995-01-25,Unemployed,Low,9000000359
C00361,Citizen_361,M,1999-05-26,Government Employee,High,9000000360
C00362,Citizen_362,F,1968-10-18,Business Owner,Low,9000000361
C00363,Citizen_363,F,1968-07-22,Farmer,Middle,9000000362
C00364,Citizen_364,F,1963-02-02,Business Owner,High,9000000363
C00365,Citizen_365,M,1981-10-04,Business Owner,High,9000000364
C00366,Citizen_366,F,2004-06-28,Farmer,Low,9000000365
C00367,Citizen_367,M,2004-04-17,Private Employee,High,9000000366
C00368,Citizen_368,F,1968-04-22,Private Employee,Middle,9000000367
C00369,Citizen_369,F,2006-01-26,Retired,High,9000000368
C00370,Citizen_370,M,1967-02-01,Private Employee,High,9000000369
C00371,Citizen_371,M,1993-02-08,Government Employee,Low,9000000370
C00372,Citizen_372,F,1961-09-15,Unemployed,Low,9000000371
C00373,Citizen_373,M,1979-07-16,Private Employee,Low,9000000372
C00374,Citizen_374,F,1999-11-15,Agricultural Labour,Middle,9000000373
C00375,Citizen_375,M,2000-01-06,Private Employee,High,9000000374
C00376,Citizen_376,M,1970-09-24,Government Employee,Middle,9000000375
C00377,Citizen_377,F,1978-05-22,Agricultural Labour,High,9000000376
C00378,Citizen_378,F,1983-11-09,Unemployed,Middle,9000000377
C00379,Citizen_379,M,1989-07-27,Unemployed,Low,9000000378
C00380,Citizen_380,M,1978-08-04,Unemployed,Low,9000000379
C00381,Citizen_381,F,1962-11-21,Retired,Low,9000000380
C00382,Citizen_382,F,1968-08-24,Retired,Middle,9000000381
C00383,Citizen_383,M,1970-06-17,Government Employee,Middle,9000000382
C00384,Citizen_384,F,1992-02-06,Private Employee,Middle,9000000383
C00385,Citizen_385,F,1989-12-28,Private Employee,Middle,9000000384
C00386,Citizen_386,F,1985-02-27,Retired,Middle,9000000385
C00387,Citizen_387,F,1998-11-06,Business Owner,Low,9000000386
C00388,Citizen_388,F,1997-10-12,Unemployed,Low,9000000387
C00389,Citizen_389,M,1961-12-06,Government Employee,Low,9000000388
C00390,Citizen_390,M,1991-11-16,Student,Low,9000000389
C00391,Citizen_391,M,1966-03-24,Unemployed,Middle,9000000390
C00392,Citizen_392,M,1963-10-09,Agricultural Labour,Low,9000000391
C00393,Citizen_393,M,1988-06-20,Farmer,Low,9000000392
C00394,Citizen_394,F,1966-12-15,Unemployed,Low,9000000393
C00395,Citizen_395,M,1972-05-16,Retired,High,9000000394
C00396,Citizen_396,F,1974-04-24,Private Employee,Middle,9000000395
C00397,Citizen_397,M,1965-10-01,Agricultural Labour,Low,9000000396
C00398,Citizen_398,M,1968-01-12,Unemployed,High,9000000397
C00399,Citizen_399,M,1981-03-22,Retired,Low,9000000398
C00400,Citizen_400,M,1996-08-17,Student,Middle,9000000399
C00401,Citizen_401,M,1964-08-14,Unemployed,Low,9000000400
C00402,Citizen_402,M,1968-09-10,Agricultural Labour,Low,9000000401
C00403,Citizen_403,F,1974-01-20,Student,Low,9000000402
C00404,Citizen_404,M,1978-05-13,Student,Low,9000000403
C00405,Citizen_405,M,1978-02-18,Government Employee,High,9000000404
C00406,Citizen_406,F,1985-10-02,Agricultural Labour,High,9000000405
C00407,Citizen_407,F,1976-11-01,Farmer,Middle,9000000406
C00408,Citizen_408,F,1976-04-11,Farmer,Low,9000000407
C00409,Citizen_409,M,1995-12-11,Farmer,Low,9000000408
C00410,Citizen_410,F,1964-10-20,Farmer,Middle,9000000409
C00411,Citizen_411,M,1986-10-24,Agricultural Labour,High,9000000410
C00412,Citizen_412,F,1968-05-24,Farmer,Low,9000000411
C00413,Citizen_413,M,1991-09-08,Student,Middle,9000000412
C00414,Citizen_414,F,1979-04-01,Farmer,Low,9000000413
C00415,Citizen_415,M,1994-10-28,Unemployed,High,9000000414
C00416,Citizen_416,M,1995-08-02,Unemployed,Middle,9000000415
C00417,Citizen_417,M,1987-12-14,Private Employee,Low,9000000416
C00418,Citizen_418,F,1967-10-12,Student,Low,9000000417
C00419,Citizen_419,F,1987-01-08,Government Employee,Low,9000000418
C00420,Citizen_420,M,1974-07-24,Farmer,Low,9000000419
C00421,Citizen_421,M,1963-02-02,Private Employee,Middle,9000000420
C00422,Citizen_422,M,1978-01-11,Student,High,9000000421
C00423,Citizen_423,M,1978-03-20,Unemployed,Middle,9000000422
C00424,Citizen_424,M,2002-02-03,Business Owner,High,9000000423
C00425,Citizen_425,M,1991-12-24,Student,Low,9000000424
C00426,Citizen_426,F,2005-05-12,Business Owner,High,9000000425
C00427,Citizen_427,M,1993-05-11,Agricultural Labour,Low,9000000426
C00428,Citizen_428,F,1986-12-20,Retired,Middle,9000000427
C00429,Citizen_429,M,1973-03-27,Government Employee,Middle,9000000428
C00430,Citizen_430,M,1967-06-24,Private Employee,Low,9000000429
C00431,Citizen_431,M,2004-08-21,Retired,Low,9000000430
C00432,Citizen_432,M,1991-01-09,Business Owner,High,9000000431
C00433,Citizen_433,F,1979-02-02,Business Owner,High,9000000432
C00434,Citizen_434,F,1991-01-28,Unemployed,Middle,9000000433
C00435,Citizen_435,F,1962-04-07,Unemployed,Low,9000000434
C00436,Citizen_436,F,1994-01-22,Business Owner,Low,9000000435
C00437,Citizen_437,F,1961-10-25,Student,Middle,9000000436
C00438,Citizen_438,M,2008-01-11,Unemployed,Middle,9000000437
C00439,Citizen_439,M,1966-09-13,Business Owner,High,9000000438
C00440,Citizen_440,F,1987-10-24,Business Owner,Low,9000000439
C00441,Citizen_441,F,1989-12-08,Private Employee,Low,9000000440
C00442,Citizen_442,F,2003-05-03,Government Employee,High,9000000441
C00443,Citizen_443,F,1981-10-13,Farmer,High,9000000442
C00444,Citizen_444,F,1983-05-22,Business Owner,High,9000000443
C00445,Citizen_445,M,1967-05-19,Student,Middle,9000000444
C00446,Citizen_446,M,1988-08-01,Retired,Low,9000000445
C00447,Citizen_447,F,1962-06-16,Government Employee,Middle,9000000446
C00448,Citizen_448,M,1997-02-09,Student,Low,9000000447
C00449,Citizen_449,F,1971-05-25,Business Owner,Middle,9000000448
C00450,Citizen_450,F,1968-04-21,Private Employee,Low,9000000449
C00451,Citizen_451,M,1974-02-21,Farmer,Low,9000000450
C00452,Citizen_452,F,1997-06-02,Government Employee,Low,9000000451
C00453,Citizen_453,F,1976-01-22,Student,High,9000000452
C00454,Citizen_454,M,1998-04-12,Agricultural Labour,Low,9000000453
C00455,Citizen_455,F,1967-09-03,Government Employee,Low,9000000454
C00456,Citizen_456,F,1996-06-27,Unemployed,Low,9000000455
C00457,Citizen_457,F,1978-03-01,Student,High,9000000456
C00458,Citizen_458,F,1981-07-21,Student,Middle,9000000457
C00459,Citizen_459,F,1999-01-06,Student,Low,9000000458
C00460,Citizen_460,F,1969-10-01,Agricultural Labour,High,9000000459
C00461,Citizen_461,M,1980-09-23,Student,Low,9000000460
C00462,Citizen_462,F,1997-01-22,Private Employee,Middle,9000000461
C00463,Citizen_463,M,1964-04-19,Unemployed,High,9000000462
C00464,Citizen_464,M,1993-01-20,Retired,High,9000000463
C00465,Citizen_465,F,1980-05-07,Business Owner,Low,9000000464
C00466,Citizen_466,F,1975-06-08,Retired,Middle,9000000465
C00467,Citizen_467,M,2004-04-15,Unemployed,Middle,9000000466
C00468,Citizen_468,M,1982-09-17,Agricultural Labour,Middle,9000000467
C00469,Citizen_469,F,1998-04-15,Unemployed,Low,9000000468
C00470,Citizen_470,M,1994-04-25,Unemployed,High,9000000469
C00471,Citizen_471,M,1998-05-26,Business Owner,Middle,9000000470
C00472,Citizen_472,F,1967-02-14,Unemployed,High,9000000471
C00473,Citizen_473,M,1996-08-21,Government Employee,Low,9000000472
C00474,Citizen_474,F,1960-03-04,Unemployed,Middle,9000000473
C00475,Citizen_475,F,2007-02-05,Farmer,Middle,9000000474
C00476,Citizen_476,M,2004-03-03,Private Employee,High,9000000475
C00477,Citizen_477,F,1987-06-05,Unemployed,High,9000000476
C00478,Citizen_478,M,2005-05-04,Student,Middle,9000000477
C00479,Citizen_479,M,2006-01-03,Student,Middle,9000000478
C00480,Citizen_480,F,2000-08-24,Unemployed,Middle,9000000479
C00481,Citizen_481,F,2004-03-24,Private Employee,High,9000000480
C00482,Citizen_482,M,1969-01-19,Student,High,9000000481
C00483,Citizen_483,F,1984-06-15,Private Employee,High,9000000482
C00484,Citizen_484,F,2009-02-08,Business Owner,Middle,9000000483
C00485,Citizen_485,F,1963-10-17,Unemployed,Middle,9000000484
C00486,Citizen_486,F,1984-06-25,Private Employee,Low,9000000485
C00487,Citizen_487,M,2007-12-07,Unemployed,High,9000000486
C00488,Citizen_488,F,1996-10-11,Agricultural Labour,Middle,9000000487
C00489,Citizen_489,F,1970-02-10,Business Owner,Middle,9000000488
C00490,Citizen_490,F,1974-03-10,Business Owner,High,9000000489
C00491,Citizen_491,M,1974-11-09,Private Employee,Low,9000000490
C00492,Citizen_492,M,1995-09-25,Private Employee,Low,9000000491
C00493,Citizen_493,M,1994-09-26,Government Employee,Low,9000000492
C00494,Citizen_494,F,1961-06-07,Business Owner,High,9000000493
C00495,Citizen_495,F,2006-08-17,Private Employee,Middle,9000000494
C00496,Citizen_496,F,1967-12-23,Agricultural Labour,Middle,9000000495
C00497,Citizen_497,F,1991-05-03,Private Employee,Middle,9000000496
C00498,Citizen_498,M,1982-02-24,Government Employee,High,9000000497
C00499,Citizen_499,M,1980-03-17,Student,Middle,9000000498
C00500,Citizen_500,F,2000-12-17,Agricultural Labour,High,9000000499
C00501,Citizen_501,F,1962-07-04,Student,Low,9000000500
C00502,Citizen_502,M,2000-11-01,Government Employee,Low,9000000501
C00503,Citizen_503,F,1974-11-07,Business Owner,Middle,9000000502
C00504,Citizen_504,M,1991-03-24,Retired,Middle,9000000503
C00505,Citizen_505,M,1972-11-03,Government Employee,Low,9000000504
C00506,Citizen_506,F,1964-08-18,Government Employee,High,9000000505
C00507,Citizen_507,M,1962-07-23,Business Owner,High,9000000506
C00508,Citizen_508,F,2000-10-08,Student,Middle,9000000507
C00509,Citizen_509,M,1979-04-10,Retired,Middle,9000000508
C00510,Citizen_510,F,1998-06-18,Retired,Middle,9000000509
C00511,Citizen_511,M,1974-02-25,Business Owner,Middle,9000000510
C00512,Citizen_512,F,1980-04-22,Unemployed,Low,9000000511
C00513,Citizen_513,M,1989-06-22,Agricultural Labour,Middle,9000000512
C00514,Citizen_514,F,2005-03-25,Retired,Middle,9000000513
C00515,Citizen_515,F,2003-04-01,Business Owner,Middle,9000000514
C00516,Citizen_516,M,2010-07-02,Student,Middle,9000000515
C00517,Citizen_517,F,1986-07-26,Retired,Middle,9000000516
C00518,Citizen_518,F,1976-01-09,Retired,High,9000000517
C00519,Citizen_519,M,1981-11-27,Farmer,Middle,9000000518
C00520,Citizen_520,F,1986-04-19,Private Employee,High,9000000519
C00521,Citizen_521,M,2009-11-04,Student,Low,9000000520
C00522,Citizen_522,M,2006-01-26,Unemployed,Low,9000000521
C00523,Citizen_523,F,1982-09-03,Farmer,High,9000000522
C00524,Citizen_524,M,1983-09-07,Private Employee,High,9000000523
C00525,Citizen_525,F,2005-04-10,Private Employee,Middle,9000000524
C00526,Citizen_526,F,1986-04-18,Government Employee,Low,9000000525
C00527,Citizen_527,M,1961-09-04,Unemployed,Middle,9000000526
C00528,Citizen_528,M,1970-05-10,Farmer,Low,9000000527
C00529,Citizen_529,M,1962-05-24,Agricultural Labour,Middle,9000000528
C00530,Citizen_530,F,1968-12-09,Agricultural Labour,Low,9000000529
C00531,Citizen_531,M,1992-12-23,Unemployed,Low,9000000530
C00532,Citizen_532,M,2007-09-20,Private Employee,Low,9000000531
C00533,Citizen_533,F,1972-10-28,Business Owner,Middle,9000000532
C00534,Citizen_534,F,1992-12-01,Business Owner,Middle,9000000533
C00535,Citizen_535,F,1972-02-09,Retired,Middle,9000000534
C00536,Citizen_536,F,1987-02-08,Unemployed,High,9000000535
C00537,Citizen_537,F,1990-05-23,Government Employee,Middle,9000000536
C00538,Citizen_538,M,1991-12-13,Student,High,9000000537
C00539,Citizen_539,M,1988-04-19,Farmer,Middle,9000000538
C00540,Citizen_540,M,1988-06-16,Agricultural Labour,High,9000000539
C00541,Citizen_541,F,1981-03-26,Agricultural Labour,Low,9000000540
C00542,Citizen_542,M,1973-08-19,Government Employee,Low,9000000541
C00543,Citizen_543,M,1985-10-27,Retired,High,9000000542
C00544,Citizen_544,M,1963-08-09,Unemployed,Middle,9000000543
C00545,Citizen_545,F,1969-01-11,Unemployed,Low,9000000544
C00546,Citizen_546,F,2004-04-25,Retired,High,9000000545
C00547,Citizen_547,F,1980-11-08,Student,Middle,9000000546
C00548,Citizen_548,F,1992-09-28,Agricultural Labour,Low,9000000547
C00549,Citizen_549,F,2004-02-13,Private Employee,Low,9000000548
C00550,Citizen_550,M,1993-12-04,Private Employee,Low,9000000549
C00551,Citizen_551,F,1967-01-14,Retired,Low,9000000550
C00552,Citizen_552,F,1968-12-28,Unemployed,Middle,9000000551
C00553,Citizen_553,M,1978-02-14,Business Owner,High,9000000552
C00554,Citizen_554,F,1993-06-20,Student,High,9000000553
C00555,Citizen_555,M,1969-05-17,Government Employee,High,9000000554
C00556,Citizen_556,F,1993-10-09,Retired,Middle,9000000555
C00557,Citizen_557,M,1981-12-24,Private Employee,Low,9000000556
C00558,Citizen_558,F,1960-06-14,Private Employee,Low,9000000557
C00559,Citizen_559,F,1964-01-10,Government Employee,Low,9000000558
C00560,Citizen_560,M,1994-08-11,Agricultural Labour,Low,9000000559
C00561,Citizen_561,F,1998-03-03,Student,High,9000000560
C00562,Citizen_562,M,1982-11-01,Government Employee,Middle,9000000561
C00563,Citizen_563,F,1987-10-24,Business Owner,Middle,9000000562
C00564,Citizen_564,F,1976-09-18,Government Employee,Low,9000000563
C00565,Citizen_565,M,1966-12-07,Business Owner,Low,9000000564
C00566,Citizen_566,F,1996-02-05,Unemployed,Middle,9000000565
C00567,Citizen_567,F,2007-10-22,Retired,Low,9000000566
C00568,Citizen_568,M,1960-04-07,Agricultural Labour,High,9000000567
C00569,Citizen_569,M,1969-03-16,Farmer,Middle,9000000568
C00570,Citizen_570,M,1963-03-17,Retired,Middle,9000000569
C00571,Citizen_571,F,1980-05-17,Agricultural Labour,Low,9000000570
C00572,Citizen_572,F,1984-07-23,Retired,Middle,9000000571
C00573,Citizen_573,F,1993-06-17,Agricultural Labour,High,9000000572
C00574,Citizen_574,M,1970-11-27,Business Owner,High,9000000573
C00575,Citizen_575,M,1987-09-15,Retired,High,9000000574
C00576,Citizen_576,F,2003-02-18,Unemployed,High,9000000575
C00577,Citizen_577,F,1971-01-28,Student,Middle,9000000576
C00578,Citizen_578,F,2006-07-07,Government Employee,Middle,9000000577
C00579,Citizen_579,F,1971-12-01,Government Employee,Middle,9000000578
C00580,Citizen_580,F,1993-04-01,Business Owner,Middle,9000000579
C00581,Citizen_581,M,1983-05-17,Farmer,High,9000000580
C00582,Citizen_582,F,1962-11-09,Retired,Middle,9000000581
C00583,Citizen_583,M,2004-12-09,Business Owner,High,9000000582
C00584,Citizen_584,M,1996-01-28,Retired,High,9000000583
C00585,Citizen_585,F,1991-03-16,Agricultural Labour,Low,9000000584
C00586,Citizen_586,F,1961-10-23,Private Employee,High,9000000585
C00587,Citizen_587,M,1968-02-14,Agricultural Labour,Low,9000000586
C00588,Citizen_588,F,2000-12-02,Student,Low,9000000587
C00589,Citizen_589,F,1972-11-20,Farmer,Middle,9000000588
C00590,Citizen_590,F,2005-03-19,Student,High,9000000589
C00591,Citizen_591,M,2002-07-14,Farmer,Low,9000000590
C00592,Citizen_592,M,2008-09-05,Business Owner,Low,9000000591
C00593,Citizen_593,M,1988-01-09,Government Employee,High,9000000592
C00594,Citizen_594,F,1971-11-24,Farmer,Middle,9000000593
C00595,Citizen_595,F,1995-06-04,Student,Middle,9000000594
C00596,Citizen_596,M,1996-08-03,Agricultural Labour,Low,9000000595
C00597,Citizen_597,M,2006-02-06,Student,High,9000000596
C00598,Citizen_598,M,2009-03-26,Farmer,Low,9000000597
C00599,Citizen_599,F,1989-02-24,Government Employee,Middle,9000000598
C00600,Citizen_600,M,2007-12-05,Business Owner,Low,9000000599
C00601,Citizen_601,F,2005-05-06,Business Owner,Low,9000000600
C00602,Citizen_602,F,1986-04-27,Government Employee,Middle,9000000601
C00603,Citizen_603,M,1971-05-09,Retired,Middle,9000000602
C00604,Citizen_604,M,1991-06-19,Student,Middle,9000000603
C00605,Citizen_605,F,2000-11-27,Private Employee,Low,9000000604
C00606,Citizen_606,F,1969-09-19,Government Employee,High,9000000605
C00607,Citizen_607,F,1982-11-26,Business Owner,Low,9000000606
C00608,Citizen_608,F,2004-09-18,Business Owner,Low,9000000607
C00609,Citizen_609,M,1976-04-15,Business Owner,Low,9000000608
C00610,Citizen_610,M,1993-11-21,Private Employee,Middle,9000000609
C00611,Citizen_611,M,1989-10-11,Student,High,9000000610
C00612,Citizen_612,F,2002-10-02,Student,High,9000000611
C00613,Citizen_613,M,2000-06-28,Farmer,Low,9000000612
C00614,Citizen_614,F,1990-06-11,Agricultural Labour,Low,9000000613
C00615,Citizen_615,F,1979-03-15,Private Employee,Low,9000000614
C00616,Citizen_616,F,1999-08-19,Unemployed,High,9000000615
C00617,Citizen_617,F,1990-04-09,Student,High,9000000616
C00618,Citizen_618,F,1990-11-13,Business Owner,Low,9000000617
C00619,Citizen_619,M,2008-09-04,Unemployed,Middle,9000000618
C00620,Citizen_620,F,1996-07-19,Farmer,Low,9000000619
C00621,Citizen_621,M,1979-10-23,Government Employee,High,9000000620
C00622,Citizen_622,M,1968-11-11,Farmer,Low,9000000621
C00623,Citizen_623,F,2010-03-26,Student,Middle,9000000622
C00624,Citizen_624,F,1970-08-01,Private Employee,Low,9000000623
C00625,Citizen_625,M,1979-05-03,Private Employee,Low,9000000624
C00626,Citizen_626,M,1987-02-24,Government Employee,Low,9000000625
C00627,Citizen_627,F,1960-08-06,Student,Low,9000000626
C00628,Citizen_628,F,1995-11-13,Government Employee,Middle,9000000627
C00629,Citizen_629,F,1989-12-08,Agricultural Labour,Middle,9000000628
C00630,Citizen_630,M,1980-03-13,Student,Middle,9000000629
C00631,Citizen_631,F,1998-07-18,Agricultural Labour,Middle,9000000630
C00632,Citizen_632,F,2002-12-19,Farmer,Low,9000000631
C00633,Citizen_633,M,2009-04-12,Student,Middle,9000000632
C00634,Citizen_634,M,1999-10-25,Unemployed,Low,9000000633
C00635,Citizen_635,M,1968-08-07,Farmer,Low,9000000634
C00636,Citizen_636,F,1987-02-11,Unemployed,High,9000000635
C00637,Citizen_637,M,1987-03-10,Business Owner,Middle,9000000636
C00638,Citizen_638,F,1962-05-14,Private Employee,Low,9000000637
C00639,Citizen_639,F,2003-09-27,Agricultural Labour,Middle,9000000638
C00640,Citizen_640,M,1982-11-24,Agricultural Labour,High,9000000639
C00641,Citizen_641,F,1960-03-11,Private Employee,High,9000000640
C00642,Citizen_642,F,2003-08-01,Retired,High,9000000641
C00643,Citizen_643,F,1987-01-10,Unemployed,Middle,9000000642
C00644,Citizen_644,M,1998-08-17,Student,Middle,9000000643
C00645,Citizen_645,F,1994-06-04,Private Employee,Middle,9000000644
C00646,Citizen_646,F,2003-02-05,Farmer,Middle,9000000645
C00647,Citizen_647,F,1972-09-27,Retired,Middle,9000000646
C00648,Citizen_648,M,1989-05-02,Agricultural Labour,Middle,9000000647
C00649,Citizen_649,F,1983-01-20,Student,Middle,9000000648
C00650,Citizen_650,F,1981-11-10,Farmer,High,9000000649
C00651,Citizen_651,F,1971-05-12,Unemployed,Low,9000000650
C00652,Citizen_652,F,1980-05-21,Farmer,High,9000000651
C00653,Citizen_653,M,1982-12-02,Unemployed,Low,9000000652
C00654,Citizen_654,M,1965-09-04,Private Employee,High,9000000653
C00655,Citizen_655,M,2000-08-14,Business Owner,Middle,9000000654
C00656,Citizen_656,F,2004-10-08,Retired,Low,9000000655
C00657,Citizen_657,M,1980-06-02,Private Employee,High,9000000656
C00658,Citizen_658,M,1984-09-24,Agricultural Labour,Middle,9000000657
C00659,Citizen_659,F,1987-07-01,Private Employee,High,9000000658
C00660,Citizen_660,F,2006-11-24,Agricultural Labour,Middle,9000000659
C00661,Citizen_661,M,2010-04-19,Business Owner,Middle,9000000660
C00662,Citizen_662,M,2004-01-12,Retired,Low,9000000661
C00663,Citizen_663,F,1977-12-23,Private Employee,Middle,9000000662
C00664,Citizen_664,M,1998-07-06,Business Owner,Middle,9000000663
C00665,Citizen_665,M,1986-04-01,Unemployed,High,9000000664
C00666,Citizen_666,M,1977-05-15,Student,Low,9000000665
C00667,Citizen_667,M,1974-01-23,Student,Low,9000000666
C00668,Citizen_668,M,1999-05-24,Retired,High,9000000667
C00669,Citizen_669,F,2000-10-11,Unemployed,Middle,9000000668
C00670,Citizen_670,M,1981-06-11,Student,Middle,9000000669
C00671,Citizen_671,M,1989-12-16,Government Employee,High,9000000670
C00672,Citizen_672,M,2003-07-09,Unemployed,Low,9000000671
C00673,Citizen_673,M,2000-08-18,Student,Low,9000000672
C00674,Citizen_674,M,2007-09-12,Business Owner,Middle,9000000673
C00675,Citizen_675,F,1988-11-15,Farmer,Low,9000000674
C00676,Citizen_676,M,1999-06-19,Unemployed,Middle,9000000675
C00677,Citizen_677,M,2008-05-18,Retired,Low,9000000676
C00678,Citizen_678,F,1994-03-13,Agricultural Labour,Low,9000000677
C00679,Citizen_679,F,1973-04-04,Business Owner,Low,9000000678
C00680,Citizen_680,M,2009-12-13,Unemployed,Middle,9000000679
C00681,Citizen_681,M,1986-10-09,Student,Middle,9000000680
C00682,Citizen_682,M,2002-11-21,Student,High,9000000681
C00683,Citizen_683,F,1974-07-16,Retired,Middle,9000000682
C00684,Citizen_684,F,1970-03-13,Business Owner,Low,9000000683
C00685,Citizen_685,F,2008-08-21,Private Employee,High,9000000684
C00686,Citizen_686,M,1984-10-21,Unemployed,Middle,9000000685
C00687,Citizen_687,F,1972-11-01,Government Employee,Low,9000000686
C00688,Citizen_688,M,1998-10-24,Unemployed,Low,9000000687
C00689,Citizen_689,F,1999-04-06,Retired,High,9000000688
C00690,Citizen_690,M,1983-01-24,Unemployed,High,9000000689
C00691,Citizen_691,M,1970-08-12,Government Employee,Low,9000000690
C00692,Citizen_692,F,2005-04-11,Private Employee,Middle,9000000691
C00693,Citizen_693,M,1961-04-19,Retired,Middle,9000000692
C00694,Citizen_694,M,2003-10-15,Government Employee,Low,9000000693
C00695,Citizen_695,F,1992-11-04,Student,Low,9000000694
C00696,Citizen_696,M,1989-12-03,Farmer,High,9000000695
C00697,Citizen_697,M,2003-11-14,Retired,Middle,9000000696
C00698,Citizen_698,M,2010-07-09,Agricultural Labour,High,9000000697
C00699,Citizen_699,M,1988-08-27,Farmer,Middle,9000000698
C00700,Citizen_700,F,2006-01-12,Unemployed,High,9000000699
C00701,Citizen_701,F,1987-02-04,Private Employee,Middle,9000000700
C00702,Citizen_702,M,2006-03-12,Unemployed,High,9000000701
C00703,Citizen_703,F,1969-04-26,Retired,Low,9000000702
C00704,Citizen_704,F,1966-06-21,Agricultural Labour,Middle,9000000703
C00705,Citizen_705,F,2008-04-25,Business Owner,Middle,9000000704
C00706,Citizen_706,F,2004-08-11,Retired,High,9000000705
C00707,Citizen_707,F,1996-05-20,Farmer,Low,9000000706
C00708,Citizen_708,M,1993-05-01,Government Employee,Middle,9000000707
C00709,Citizen_709,F,2005-05-10,Private Employee,High,9000000708
C00710,Citizen_710,F,1990-12-15,Business Owner,Low,9000000709
C00711,Citizen_711,M,1969-10-10,Unemployed,Middle,9000000710
C00712,Citizen_712,M,1961-04-19,Business Owner,Low,9000000711
C00713,Citizen_713,M,1976-06-24,Unemployed,Middle,9000000712
C00714,Citizen_714,M,1982-11-05,Student,High,9000000713
C00715,Citizen_715,F,1984-08-21,Private Employee,High,9000000714
C00716,Citizen_716,F,1971-08-13,Farmer,High,9000000715
C00717,Citizen_717,M,1981-04-10,Government Employee,Low,9000000716
C00718,Citizen_718,M,1977-10-25,Agricultural Labour,High,9000000717
C00719,Citizen_719,M,1982-08-15,Farmer,High,9000000718
C00720,Citizen_720,M,2007-04-12,Farmer,Middle,9000000719
C00721,Citizen_721,M,1981-09-03,Business Owner,High,9000000720
C00722,Citizen_722,M,1963-08-19,Government Employee,Low,9000000721
C00723,Citizen_723,F,2007-03-23,Government Employee,Low,9000000722
C00724,Citizen_724,F,1971-01-20,Business Owner,High,9000000723
C00725,Citizen_725,F,1965-12-07,Agricultural Labour,Low,9000000724
C00726,Citizen_726,F,1963-04-08,Government Employee,High,9000000725
C00727,Citizen_727,F,1989-02-18,Farmer,Middle,9000000726
C00728,Citizen_728,M,1972-08-04,Retired,Low,9000000727
C00729,Citizen_729,F,1972-02-18,Government Employee,High,9000000728
C00730,Citizen_730,F,1979-10-01,Unemployed,Low,9000000729
C00731,Citizen_731,F,2009-11-07,Retired,Low,9000000730
C00732,Citizen_732,F,2008-07-20,Business Owner,Middle,9000000731
C00733,Citizen_733,M,1981-09-16,Business Owner,High,9000000732
C00734,Citizen_734,F,1976-09-08,Student,Middle,9000000733
C00735,Citizen_735,F,2000-08-04,Private Employee,Middle,9000000734
C00736,Citizen_736,M,1980-09-16,Retired,Low,9000000735
C00737,Citizen_737,M,1964-07-22,Business Owner,Low,9000000736
C00738,Citizen_738,F,1981-11-22,Private Employee,Low,9000000737
C00739,Citizen_739,M,2008-04-07,Business Owner,High,9000000738
C00740,Citizen_740,F,1980-09-16,Agricultural Labour,High,9000000739
C00741,Citizen_741,F,1999-04-19,Private Employee,Middle,9000000740
C00742,Citizen_742,M,1972-07-26,Private Employee,Low,9000000741
C00743,Citizen_743,M,1980-09-16,Unemployed,High,9000000742
C00744,Citizen_744,F,1974-05-16,Business Owner,Middle,9000000743
C00745,Citizen_745,M,1979-06-24,Student,High,9000000744
C00746,Citizen_746,F,1988-05-14,Unemployed,Middle,9000000745
C00747,Citizen_747,M,2008-07-02,Unemployed,Middle,9000000746
C00748,Citizen_748,M,1989-05-01,Government Employee,Low,9000000747
C00749,Citizen_749,F,1978-06-01,Student,Middle,9000000748
C00750,Citizen_750,F,1980-09-18,Government Employee,Low,9000000749
C00751,Citizen_751,F,1977-02-03,Government Employee,Low,9000000750
C00752,Citizen_752,F,2006-08-24,Retired,Low,9000000751
C00753,Citizen_753,F,2004-12-16,Government Employee,Middle,9000000752
C00754,Citizen_754,F,1963-02-02,Student,Middle,9000000753
C00755,Citizen_755,F,1988-05-04,Retired,Low,9000000754
C00756,Citizen_756,M,1980-12-14,Private Employee,Low,9000000755
C00757,Citizen_757,F,1996-04-18,Agricultural Labour,Middle,9000000756
C00758,Citizen_758,M,1980-10-18,Business Owner,High,9000000757
C00759,Citizen_759,F,2004-01-05,Agricultural Labour,High,9000000758
C00760,Citizen_760,F,1983-08-24,Government Employee,Low,9000000759
C00761,Citizen_761,F,1989-04-15,Student,Middle,9000000760
C00762,Citizen_762,M,2003-12-09,Business Owner,High,9000000761
C00763,Citizen_763,M,1968-02-21,Unemployed,Middle,9000000762
C00764,Citizen_764,F,1991-01-27,Farmer,High,9000000763
C00765,Citizen_765,F,1961-10-14,Farmer,High,9000000764
C00766,Citizen_766,F,2010-09-16,Business Owner,High,9000000765
C00767,Citizen_767,F,2000-02-24,Agricultural Labour,High,9000000766
C00768,Citizen_768,M,1995-02-18,Private Employee,High,9000000767
C00769,Citizen_769,M,1996-08-20,Government Employee,Low,9000000768
C00770,Citizen_770,F,1977-08-15,Private Employee,High,9000000769
C00771,Citizen_771,F,1964-03-21,Student,Middle,9000000770
C00772,Citizen_772,F,1961-07-19,Business Owner,Low,9000000771
C00773,Citizen_773,F,1961-01-08,Student,Middle,9000000772
C00774,Citizen_774,M,1976-04-19,Student,High,9000000773
C00775,Citizen_775,F,2001-11-07,Student,High,9000000774
C00776,Citizen_776,M,1972-03-07,Business Owner,Low,9000000775
C00777,Citizen_777,M,1961-09-20,Farmer,Low,9000000776
C00778,Citizen_778,F,1964-06-28,Student,Low,9000000777
C00779,Citizen_779,M,1972-05-06,Unemployed,Middle,9000000778
C00780,Citizen_780,M,1973-06-01,Private Employee,Middle,9000000779
C00781,Citizen_781,M,1984-01-15,Government Employee,Middle,9000000780
C00782,Citizen_782,M,1988-08-13,Government Employee,Low,9000000781
C00783,Citizen_783,F,1997-02-03,Private Employee,High,9000000782
C00784,Citizen_784,M,1970-04-04,Retired,High,9000000783
C00785,Citizen_785,F,2007-06-14,Government Employee,Low,9000000784
C00786,Citizen_786,M,1992-06-16,Business Owner,High,9000000785
C00787,Citizen_787,M,1989-01-01,Unemployed,Middle,9000000786
C00788,Citizen_788,F,1966-06-12,Business Owner,Low,9000000787
C00789,Citizen_789,F,2001-05-08,Agricultural Labour,High,9000000788
C00790,Citizen_790,F,1990-01-09,Student,Low,9000000789
C00791,Citizen_791,M,1975-03-19,Farmer,Low,9000000790
C00792,Citizen_792,M,1968-12-16,Farmer,Low,9000000791
C00793,Citizen_793,M,2007-11-10,Student,High,9000000792
C00794,Citizen_794,F,1970-07-06,Private Employee,High,9000000793
C00795,Citizen_795,M,2007-11-06,Student,Low,9000000794
C00796,Citizen_796,M,1961-08-07,Business Owner,Middle,9000000795
C00797,Citizen_797,F,1976-10-11,Farmer,Low,9000000796
C00798,Citizen_798,F,1961-08-02,Private Employee,Middle,9000000797
C00799,Citizen_799,M,1994-07-25,Private Employee,Low,9000000798
C00800,Citizen_800,M,1960-06-08,Agricultural Labour,Middle,9000000799
C00801,Citizen_801,M,1967-08-15,Unemployed,High,9000000800
C00802,Citizen_802,F,1968-10-26,Farmer,Middle,9000000801
C00803,Citizen_803,F,1990-05-05,Student,High,9000000802
C00804,Citizen_804,F,1999-11-23,Agricultural Labour,Middle,9000000803
C00805,Citizen_805,F,2007-10-07,Private Employee,Low,9000000804
C00806,Citizen_806,M,1969-04-22,Agricultural Labour,High,9000000805
C00807,Citizen_807,M,2005-07-10,Agricultural Labour,Low,9000000806
C00808,Citizen_808,M,1976-03-24,Business Owner,Middle,9000000807
C00809,Citizen_809,F,2002-10-17,Business Owner,Low,9000000808
C00810,Citizen_810,F,1987-06-22,Private Employee,High,9000000809
C00811,Citizen_811,M,2007-07-21,Farmer,Low,9000000810
C00812,Citizen_812,M,1960-03-21,Farmer,Low,9000000811
C00813,Citizen_813,M,1985-06-01,Retired,Middle,9000000812
C00814,Citizen_814,F,1972-11-28,Unemployed,Middle,9000000813
C00815,Citizen_815,M,1989-10-09,Retired,Low,9000000814
C00816,Citizen_816,F,2001-09-11,Student,Low,9000000815
C00817,Citizen_817,F,1981-08-25,Retired,High,9000000816
C00818,Citizen_818,M,2002-06-25,Business Owner,Low,9000000817
C00819,Citizen_819,F,1987-11-01,Private Employee,Low,9000000818
C00820,Citizen_820,M,1989-02-04,Business Owner,Low,9000000819
C00821,Citizen_821,F,1979-08-14,Agricultural Labour,High,9000000820
C00822,Citizen_822,M,1985-09-07,Private Employee,High,9000000821
C00823,Citizen_823,M,2009-01-07,Student,High,9000000822
C00824,Citizen_824,M,1996-09-17,Farmer,High,9000000823
C00825,Citizen_825,F,1994-04-23,Private Employee,Middle,9000000824
C00826,Citizen_826,M,1966-11-06,Government Employee,High,9000000825
C00827,Citizen_827,M,1994-10-14,Government Employee,Middle,9000000826
C00828,Citizen_828,M,1985-05-13,Unemployed,Middle,9000000827
C00829,Citizen_829,F,1980-03-24,Business Owner,Low,9000000828
C00830,Citizen_830,M,1976-12-18,Business Owner,Low,9000000829
C00831,Citizen_831,M,1963-07-05,Private Employee,Middle,9000000830
C00832,Citizen_832,M,2008-04-13,Private Employee,High,9000000831
C00833,Citizen_833,F,1985-10-07,Government Employee,Middle,9000000832
C00834,Citizen_834,M,1974-05-05,Unemployed,Low,9000000833
C00835,Citizen_835,M,1973-08-05,Business Owner,Middle,9000000834
C00836,Citizen_836,M,2000-02-17,Business Owner,High,9000000835
C00837,Citizen_837,M,2009-11-20,Retired,Low,9000000836
C00838,Citizen_838,F,1979-02-18,Retired,Low,9000000837
C00839,Citizen_839,M,2008-12-11,Business Owner,Low,9000000838
C00840,Citizen_840,F,1976-02-21,Retired,Middle,9000000839
C00841,Citizen_841,M,2005-12-28,Retired,Middle,9000000840
C00842,Citizen_842,M,1993-02-03,Student,Low,9000000841
C00843,Citizen_843,F,2004-07-14,Farmer,High,9000000842
C00844,Citizen_844,M,2009-05-27,Business Owner,Middle,9000000843
C00845,Citizen_845,F,1986-11-27,Business Owner,Middle,9000000844
C00846,Citizen_846,M,1960-02-23,Retired,Low,9000000845
C00847,Citizen_847,F,1974-10-14,Business Owner,Low,9000000846
C00848,Citizen_848,F,1995-10-27,Unemployed,High,9000000847
C00849,Citizen_849,F,1962-10-04,Agricultural Labour,High,9000000848
C00850,Citizen_850,M,1967-04-12,Unemployed,Middle,9000000849
C00851,Citizen_851,M,1982-11-26,Retired,Middle,9000000850
C00852,Citizen_852,M,1985-11-24,Unemployed,High,9000000851
C00853,Citizen_853,M,1973-10-06,Farmer,High,9000000852
C00854,Citizen_854,F,1966-05-14,Farmer,High,9000000853
C00855,Citizen_855,F,1976-06-27,Student,Middle,9000000854
C00856,Citizen_856,M,1977-08-26,Farmer,Middle,9000000855
C00857,Citizen_857,F,2004-11-09,Private Employee,Low,9000000856
C00858,Citizen_858,F,2007-07-25,Student,Low,9000000857
C00859,Citizen_859,F,1965-06-12,Government Employee,Middle,9000000858
C00860,Citizen_860,F,1966-12-03,Unemployed,Middle,9000000859
C00861,Citizen_861,F,2000-03-25,Unemployed,Low,9000000860
C00862,Citizen_862,F,2005-08-12,Student,Middle,9000000861
C00863,Citizen_863,F,2008-03-06,Student,Low,9000000862
C00864,Citizen_864,M,1972-10-10,Business Owner,High,9000000863
C00865,Citizen_865,M,1985-10-23,Agricultural Labour,Low,9000000864
C00866,Citizen_866,M,1965-12-20,Unemployed,Middle,9000000865
C00867,Citizen_867,M,2005-06-18,Student,Middle,9000000866
C00868,Citizen_868,M,1984-02-28,Business Owner,High,9000000867
C00869,Citizen_869,M,1980-04-15,Farmer,Low,9000000868
C00870,Citizen_870,M,2002-05-01,Retired,Low,9000000869
C00871,Citizen_871,M,1975-04-15,Government Employee,Low,9000000870
C00872,Citizen_872,M,1978-04-01,Retired,Middle,9000000871
C00873,Citizen_873,F,1995-09-19,Government Employee,Middle,9000000872
C00874,Citizen_874,M,1993-10-13,Unemployed,High,9000000873
C00875,Citizen_875,F,2005-06-26,Business Owner,Middle,9000000874
C00876,Citizen_876,F,1983-04-11,Student,Low,9000000875
C00877,Citizen_877,M,1980-12-08,Private Employee,Low,9000000876
C00878,Citizen_878,F,1994-06-04,Government Employee,High,9000000877
C00879,Citizen_879,F,2005-12-21,Government Employee,Middle,9000000878
C00880,Citizen_880,F,1996-01-15,Retired,Middle,9000000879
C00881,Citizen_881,F,1964-03-01,Retired,High,9000000880
C00882,Citizen_882,M,1982-08-28,Private Employee,Low,9000000881
C00883,Citizen_883,F,1964-12-09,Business Owner,High,9000000882
C00884,Citizen_884,M,2005-10-16,Unemployed,High,9000000883
C00885,Citizen_885,M,1985-04-22,Retired,Middle,9000000884
C00886,Citizen_886,F,1981-04-19,Unemployed,Low,9000000885
C00887,Citizen_887,F,1960-10-02,Student,High,9000000886
C00888,Citizen_888,M,2009-02-20,Agricultural Labour,High,9000000887
C00889,Citizen_889,F,2006-03-24,Government Employee,Low,9000000888
C00890,Citizen_890,M,1971-01-21,Retired,High,9000000889
C00891,Citizen_891,M,1981-02-04,Unemployed,High,9000000890
C00892,Citizen_892,F,1986-07-23,Retired,Low,9000000891
C00893,Citizen_893,F,1971-02-10,Student,Low,9000000892
C00894,Citizen_894,F,1976-08-03,Private Employee,Middle,9000000893
C00895,Citizen_895,F,1972-04-12,Agricultural Labour,Middle,9000000894
C00896,Citizen_896,F,2008-02-17,Business Owner,Low,9000000895
C00897,Citizen_897,M,1995-01-22,Student,Low,9000000896
C00898,Citizen_898,M,1960-09-01,Farmer,Middle,9000000897
C00899,Citizen_899,F,1979-01-26,Student,Low,9000000898
C00900,Citizen_900,M,1972-11-20,Retired,Low,9000000899
C00901,Citizen_901,M,1982-02-28,Private Employee,High,9000000900
C00902,Citizen_902,F,1996-03-15,Private Employee,High,9000000901
C00903,Citizen_903,M,1988-01-20,Farmer,High,9000000902
C00904,Citizen_904,M,1979-05-04,Student,High,9000000903
C00905,Citizen_905,M,1997-09-06,Agricultural Labour,Middle,9000000904
C00906,Citizen_906,M,1998-03-20,Student,Middle,9000000905
C00907,Citizen_907,F,2010-08-04,Agricultural Labour,Middle,9000000906
C00908,Citizen_908,M,1983-03-08,Retired,Low,9000000907
C00909,Citizen_909,F,1962-06-02,Retired,High,9000000908
C00910,Citizen_910,M,1993-02-22,Student,High,9000000909
C00911,Citizen_911,F,2008-09-21,Government Employee,Middle,9000000910
C00912,Citizen_912,F,1968-08-25,Government Employee,Middle,9000000911
C00913,Citizen_913,F,1985-07-13,Agricultural Labour,Middle,9000000912
C00914,Citizen_914,M,1991-02-11,Retired,High,9000000913
C00915,Citizen_915,F,1979-08-26,Business Owner,High,9000000914
C00916,Citizen_916,M,1993-01-07,Agricultural Labour,Middle,9000000915
C00917,Citizen_917,M,2001-06-24,Farmer,High,9000000916
C00918,Citizen_918,M,1963-05-13,Government Employee,Middle,9000000917
C00919,Citizen_919,M,2003-07-24,Private Employee,High,9000000918
C00920,Citizen_920,F,2003-12-02,Government Employee,Low,9000000919
C00921,Citizen_921,F,1971-04-23,Student,Low,9000000920
C00922,Citizen_922,M,1991-04-19,Farmer,Low,9000000921
C00923,Citizen_923,F,1973-12-04,Business Owner,Low,9000000922
C00924,Citizen_924,M,2002-06-06,Unemployed,Low,9000000923
C00925,Citizen_925,F,1985-01-05,Private Employee,High,9000000924
C00926,Citizen_926,M,1999-11-09,Unemployed,High,9000000925
C00927,Citizen_927,F,1973-11-24,Business Owner,Middle,9000000926
C00928,Citizen_928,M,1986-07-13,Business Owner,Low,9000000927
C00929,Citizen_929,F,1976-10-01,Unemployed,Low,9000000928
C00930,Citizen_930,F,1968-11-23,Government Employee,Low,9000000929
C00931,Citizen_931,M,1967-03-26,Retired,Low,9000000930
C00932,Citizen_932,M,1994-06-06,Business Owner,High,9000000931
C00933,Citizen_933,F,1978-09-10,Business Owner,High,9000000932
C00934,Citizen_934,F,1966-02-13,Government Employee,Low,9000000933
C00935,Citizen_935,F,1972-03-17,Farmer,Middle,9000000934
C00936,Citizen_936,F,1966-02-08,Farmer,Middle,9000000935
C00937,Citizen_937,M,1965-12-26,Agricultural Labour,Low,9000000936
C00938,Citizen_938,F,1999-06-15,Private Employee,Middle,9000000937
C00939,Citizen_939,M,2002-09-25,Government Employee,Low,9000000938
C00940,Citizen_940,F,1962-10-01,Private Employee,Middle,9000000939
C00941,Citizen_941,F,1971-06-15,Government Employee,High,9000000940
C00942,Citizen_942,M,1985-07-05,Business Owner,High,9000000941
C00943,Citizen_943,M,1974-03-21,Government Employee,Middle,9000000942
C00944,Citizen_944,F,1961-08-03,Government Employee,High,9000000943
C00945,Citizen_945,F,1995-03-05,Student,Low,9000000944
C00946,Citizen_946,M,2003-02-14,Farmer,High,9000000945
C00947,Citizen_947,M,2006-06-12,Farmer,Low,9000000946
C00948,Citizen_948,M,2003-04-01,Unemployed,Low,9000000947
C00949,Citizen_949,M,1984-10-04,Government Employee,High,9000000948
C00950,Citizen_950,M,1996-09-03,Farmer,High,9000000949
C00951,Citizen_951,F,1996-11-13,Business Owner,High,9000000950
C00952,Citizen_952,F,1988-12-08,Retired,High,9000000951
C00953,Citizen_953,F,1982-11-15,Retired,Low,9000000952
C00954,Citizen_954,F,1994-06-08,Private Employee,Middle,9000000953
C00955,Citizen_955,M,1984-05-06,Student,High,9000000954
C00956,Citizen_956,M,1987-05-05,Farmer,Middle,9000000955
C00957,Citizen_957,F,2005-09-28,Government Employee,Middle,9000000956
C00958,Citizen_958,M,2000-06-07,Unemployed,Middle,9000000957
C00959,Citizen_959,F,1989-12-15,Retired,Middle,9000000958
C00960,Citizen_960,F,1983-06-11,Unemployed,Low,9000000959
C00961,Citizen_961,M,1975-04-23,Government Employee,High,9000000960
C00962,Citizen_962,M,2006-11-26,Student,Middle,9000000961
C00963,Citizen_963,F,1983-11-10,Government Employee,Middle,9000000962
C00964,Citizen_964,M,1990-02-18,Retired,Middle,9000000963
C00965,Citizen_965,F,1963-04-07,Student,High,9000000964
C00966,Citizen_966,M,2002-07-17,Unemployed,Low,9000000965
C00967,Citizen_967,F,1961-12-07,Unemployed,High,9000000966
C00968,Citizen_968,M,1977-12-22,Private Employee,High,9000000967
C00969,Citizen_969,F,1996-04-05,Unemployed,Middle,9000000968
C00970,Citizen_970,F,1975-12-05,Retired,Middle,9000000969
C00971,Citizen_971,M,2003-02-26,Agricultural Labour,Low,9000000970
C00972,Citizen_972,M,1960-01-11,Agricultural Labour,Middle,9000000971
C00973,Citizen_973,F,1972-12-05,Government Employee,Middle,9000000972
C00974,Citizen_974,M,1983-10-11,Retired,Middle,9000000973
C00975,Citizen_975,F,2005-03-10,Business Owner,Low,9000000974
C00976,Citizen_976,M,1969-03-14,Agricultural Labour,High,9000000975
C00977,Citizen_977,F,1970-09-18,Retired,High,9000000976
C00978,Citizen_978,F,2004-04-04,Private Employee,Middle,9000000977
C00979,Citizen_979,M,2008-01-05,Unemployed,Middle,9000000978
C00980,Citizen_980,F,1990-03-25,Farmer,High,9000000979
C00981,Citizen_981,F,1988-10-19,Private Employee,Middle,9000000980
C00982,Citizen_982,M,1991-11-19,Student,Middle,9000000981
C00983,Citizen_983,M,1983-02-06,Private Employee,High,9000000982
C00984,Citizen_984,F,2003-07-05,Agricultural Labour,High,9000000983
C00985,Citizen_985,M,2000-06-10,Agricultural Labour,Middle,9000000984
C00986,Citizen_986,F,1961-10-19,Unemployed,Low,9000000985
C00987,Citizen_987,F,1976-04-17,Business Owner,High,9000000986
C00988,Citizen_988,M,1991-06-06,Farmer,High,9000000987
C00989,Citizen_989,M,2004-05-09,Retired,Middle,9000000988
C00990,Citizen_990,F,1962-05-24,Retired,High,9000000989
C00991,Citizen_991,M,1981-09-02,Private Employee,High,9000000990
C00992,Citizen_992,M,2007-10-01,Business Owner,Middle,9000000991
C00993,Citizen_993,M,1990-07-13,Farmer,High,9000000992
C00994,Citizen_994,F,2004-07-11,Student,High,9000000993
C00995,Citizen_995,F,1986-12-11,Private Employee,Middle,9000000994
C00996,Citizen_996,F,1995-04-16,Business Owner,Middle,9000000995
C00997,Citizen_997,M,1988-11-03,Student,High,9000000996
C00998,Citizen_998,M,1961-03-26,Agricultural Labour,Low,9000000997
C00999,Citizen_999,M,1971-06-03,Private Employee,High,9000000998
C01000,Citizen_1000,M,2009-02-28,Agricultural Labour,Low,9000000999
C01001,Citizen_1001,M,2007-06-28,Agricultural Labour,Low,9000001000
C01002,Citizen_1002,F,2000-06-26,Agricultural Labour,High,9000001001
C01003,Citizen_1003,M,1963-12-05,Government Employee,High,9000001002
C01004,Citizen_1004,M,1971-02-23,Agricultural Labour,Low,9000001003
C01005,Citizen_1005,F,2010-11-08,Government Employee,Low,9000001004
C01006,Citizen_1006,M,1984-06-21,Government Employee,Middle,9000001005
C01007,Citizen_1007,M,2005-08-20,Private Employee,Middle,9000001006
C01008,Citizen_1008,F,2006-11-19,Farmer,Middle,9000001007
C01009,Citizen_1009,M,1992-01-03,Private Employee,Low,9000001008
C01010,Citizen_1010,F,1969-09-19,Government Employee,High,9000001009
C01011,Citizen_1011,M,2004-02-07,Private Employee,Middle,9000001010
C01012,Citizen_1012,M,1970-07-21,Business Owner,High,9000001011
C01013,Citizen_1013,F,1992-11-10,Government Employee,Middle,9000001012
C01014,Citizen_1014,F,1982-12-08,Farmer,High,9000001013
C01015,Citizen_1015,F,1978-03-03,Farmer,Low,9000001014
C01016,Citizen_1016,F,1982-12-02,Unemployed,Low,9000001015
C01017,Citizen_1017,F,1960-12-22,Agricultural Labour,Middle,9000001016
C01018,Citizen_1018,F,2004-11-20,Agricultural Labour,High,9000001017
C01019,Citizen_1019,F,2006-06-15,Student,High,9000001018
C01020,Citizen_1020,F,1983-08-10,Retired,Middle,9000001019
C01021,Citizen_1021,M,1974-10-06,Farmer,High,9000001020
C01022,Citizen_1022,F,1986-08-15,Student,Middle,9000001021
C01023,Citizen_1023,F,1989-08-05,Private Employee,High,9000001022
C01024,Citizen_1024,F,1986-01-28,Private Employee,Middle,9000001023
C01025,Citizen_1025,F,2000-03-13,Student,Low,9000001024
C01026,Citizen_1026,F,2010-11-06,Private Employee,High,9000001025
C01027,Citizen_1027,M,1973-02-01,Unemployed,Middle,9000001026
C01028,Citizen_1028,M,1977-06-07,Farmer,Middle,9000001027
C01029,Citizen_1029,F,1970-05-27,Business Owner,Low,9000001028
C01030,Citizen_1030,M,1991-10-24,Retired,Middle,9000001029
C01031,Citizen_1031,F,1970-08-22,Farmer,Middle,9000001030
C01032,Citizen_1032,M,1964-06-23,Retired,High,9000001031
C01033,Citizen_1033,F,1969-04-17,Retired,Low,9000001032
C01034,Citizen_1034,F,1991-01-10,Private Employee,Middle,9000001033
C01035,Citizen_1035,F,2003-10-14,Agricultural Labour,High,9000001034
C01036,Citizen_1036,M,1993-05-11,Student,High,9000001035
C01037,Citizen_1037,M,1983-10-16,Agricultural Labour,Low,9000001036
C01038,Citizen_1038,F,1983-07-08,Government Employee,Middle,9000001037
C01039,Citizen_1039,M,1980-11-16,Business Owner,High,9000001038
C01040,Citizen_1040,F,1996-06-23,Government Employee,Low,9000001039
C01041,Citizen_1041,F,2010-11-19,Government Employee,High,9000001040
C01042,Citizen_1042,M,1975-08-19,Retired,Low,9000001041
C01043,Citizen_1043,F,1992-02-13,Private Employee,High,9000001042
C01044,Citizen_1044,F,1965-09-16,Retired,High,9000001043
C01045,Citizen_1045,F,1964-08-13,Government Employee,Middle,9000001044
C01046,Citizen_1046,M,1983-01-16,Government Employee,Low,9000001045
C01047,Citizen_1047,M,1980-06-27,Retired,High,9000001046
C01048,Citizen_1048,M,2010-05-11,Retired,Middle,9000001047
C01049,Citizen_1049,M,2001-04-20,Agricultural Labour,Middle,9000001048
C01050,Citizen_1050,M,2007-04-17,Business Owner,Low,9000001049
C01051,Citizen_1051,F,1987-12-27,Farmer,Middle,9000001050
C01052,Citizen_1052,F,1973-03-10,Farmer,Low,9000001051
C01053,Citizen_1053,F,1965-06-15,Private Employee,Middle,9000001052
C01054,Citizen_1054,F,1995-03-20,Retired,Middle,9000001053
C01055,Citizen_1055,M,1977-08-09,Government Employee,High,9000001054
C01056,Citizen_1056,F,1978-03-19,Private Employee,Middle,9000001055
C01057,Citizen_1057,M,1967-01-28,Student,High,9000001056
C01058,Citizen_1058,F,1983-03-11,Unemployed,High,9000001057
C01059,Citizen_1059,M,2000-07-21,Student,Middle,9000001058
C01060,Citizen_1060,M,1980-10-27,Farmer,High,9000001059
C01061,Citizen_1061,F,1980-10-25,Farmer,High,9000001060
C01062,Citizen_1062,M,2006-12-23,Private Employee,Middle,9000001061
C01063,Citizen_1063,M,1964-03-05,Agricultural Labour,High,9000001062
C01064,Citizen_1064,M,2005-04-03,Student,Middle,9000001063
C01065,Citizen_1065,F,1965-07-11,Agricultural Labour,Middle,9000001064
C01066,Citizen_1066,F,1994-01-17,Unemployed,High,9000001065
C01067,Citizen_1067,F,2004-03-18,Agricultural Labour,Low,9000001066
C01068,Citizen_1068,F,1970-02-25,Business Owner,Low,9000001067
C01069,Citizen_1069,M,1963-11-22,Farmer,Low,9000001068
C01070,Citizen_1070,M,1990-01-02,Government Employee,Low,9000001069
C01071,Citizen_1071,M,1968-09-11,Student,Middle,9000001070
C01072,Citizen_1072,F,1961-09-25,Business Owner,Middle,9000001071
C01073,Citizen_1073,M,2002-12-23,Unemployed,High,9000001072
C01074,Citizen_1074,M,1962-04-19,Farmer,Low,9000001073
C01075,Citizen_1075,M,1997-08-01,Student,High,9000001074
C01076,Citizen_1076,M,1997-06-17,Private Employee,Middle,9000001075
C01077,Citizen_1077,M,1969-09-01,Business Owner,Middle,9000001076
C01078,Citizen_1078,F,1992-07-06,Government Employee,High,9000001077
C01079,Citizen_1079,F,1981-04-11,Business Owner,Middle,9000001078
C01080,Citizen_1080,M,2001-05-15,Farmer,Middle,9000001079
C01081,Citizen_1081,F,1973-03-04,Farmer,Middle,9000001080
C01082,Citizen_1082,M,2007-04-07,Business Owner,High,9000001081
C01083,Citizen_1083,M,1997-05-12,Retired,Low,9000001082
C01084,Citizen_1084,M,1996-05-07,Farmer,Middle,9000001083
C01085,Citizen_1085,M,1973-03-28,Student,Low,9000001084
C01086,Citizen_1086,F,2006-07-24,Student,Middle,9000001085
C01087,Citizen_1087,F,1998-03-16,Retired,High,9000001086
C01088,Citizen_1088,F,2010-11-28,Government Employee,Low,9000001087
C01089,Citizen_1089,M,1960-01-20,Farmer,Low,9000001088
C01090,Citizen_1090,F,1960-05-15,Unemployed,High,9000001089
C01091,Citizen_1091,M,1966-01-12,Government Employee,High,9000001090
C01092,Citizen_1092,M,1987-12-12,Agricultural Labour,Middle,9000001091
C01093,Citizen_1093,F,2001-01-10,Farmer,Low,9000001092
C01094,Citizen_1094,F,1969-05-15,Government Employee,Low,9000001093
C01095,Citizen_1095,M,1990-03-01,Agricultural Labour,Low,9000001094
C01096,Citizen_1096,M,1989-10-23,Business Owner,Middle,9000001095
C01097,Citizen_1097,M,2004-10-16,Agricultural Labour,High,9000001096
C01098,Citizen_1098,M,1973-02-13,Unemployed,Low,9000001097
C01099,Citizen_1099,M,1991-07-27,Retired,Middle,9000001098
C01100,Citizen_1100,M,1960-10-02,Agricultural Labour,Middle,9000001099
C01101,Citizen_1101,F,2006-08-07,Business Owner,Low,9000001100
C01102,Citizen_1102,F,1972-04-23,Retired,Low,9000001101
C01103,Citizen_1103,M,1996-07-18,Retired,Low,9000001102
C01104,Citizen_1104,M,1978-06-03,Student,Middle,9000001103
C01105,Citizen_1105,F,1994-03-12,Student,High,9000001104
C01106,Citizen_1106,M,1980-12-21,Student,Middle,9000001105
C01107,Citizen_1107,M,1997-07-12,Retired,Middle,9000001106
C01108,Citizen_1108,F,1969-11-25,Retired,High,9000001107
C01109,Citizen_1109,F,1983-07-03,Business Owner,Low,9000001108
C01110,Citizen_1110,F,1982-11-15,Retired,High,9000001109
C01111,Citizen_1111,M,1962-06-17,Private Employee,High,9000001110
C01112,Citizen_1112,F,1994-11-27,Private Employee,High,9000001111
C01113,Citizen_1113,M,2010-04-27,Unemployed,Low,9000001112
C01114,Citizen_1114,F,1967-09-18,Farmer,High,9000001113
C01115,Citizen_1115,M,1996-01-09,Private Employee,High,9000001114
C01116,Citizen_1116,M,2003-12-26,Student,Middle,9000001115
C01117,Citizen_1117,M,1980-12-27,Student,High,9000001116
C01118,Citizen_1118,F,1993-11-27,Unemployed,Low,9000001117
C01119,Citizen_1119,F,2007-07-23,Agricultural Labour,Low,9000001118
C01120,Citizen_1120,F,1969-12-25,Government Employee,High,9000001119
C01121,Citizen_1121,M,2010-09-26,Agricultural Labour,Middle,9000001120
C01122,Citizen_1122,M,1964-12-10,Government Employee,Middle,9000001121
C01123,Citizen_1123,F,1973-09-21,Agricultural Labour,Low,9000001122
C01124,Citizen_1124,M,1961-01-10,Agricultural Labour,Low,9000001123
C01125,Citizen_1125,M,2009-11-03,Agricultural Labour,Middle,9000001124
C01126,Citizen_1126,F,1967-07-12,Unemployed,Low,9000001125
C01127,Citizen_1127,F,1981-07-12,Government Employee,Middle,9000001126
C01128,Citizen_1128,F,1999-10-16,Farmer,High,9000001127
C01129,Citizen_1129,F,1962-08-11,Student,Low,9000001128
C01130,Citizen_1130,F,2004-08-28,Unemployed,High,9000001129
C01131,Citizen_1131,M,1987-12-19,Student,High,9000001130
C01132,Citizen_1132,F,1961-07-02,Retired,Low,9000001131
C01133,Citizen_1133,F,1976-09-03,Agricultural Labour,Low,9000001132
C01134,Citizen_1134,M,1989-07-24,Student,Low,9000001133
C01135,Citizen_1135,F,1962-06-10,Retired,Low,9000001134
C01136,Citizen_1136,F,1966-01-22,Private Employee,High,9000001135
C01137,Citizen_1137,M,1992-08-03,Private Employee,Middle,9000001136
C01138,Citizen_1138,F,2004-10-13,Farmer,Middle,9000001137
C01139,Citizen_1139,M,2004-09-16,Private Employee,Middle,9000001138
C01140,Citizen_1140,F,1970-01-10,Student,Middle,9000001139
C01141,Citizen_1141,M,2003-03-27,Agricultural Labour,Low,9000001140
C01142,Citizen_1142,F,1991-04-01,Unemployed,High,9000001141
C01143,Citizen_1143,M,2009-07-02,Business Owner,Low,9000001142
C01144,Citizen_1144,M,1981-11-19,Retired,Low,9000001143
C01145,Citizen_1145,F,2004-02-04,Private Employee,Low,9000001144
C01146,Citizen_1146,M,2007-10-19,Farmer,Middle,9000001145
C01147,Citizen_1147,F,1983-12-14,Farmer,High,9000001146
C01148,Citizen_1148,F,2000-09-04,Unemployed,Middle,9000001147
C01149,Citizen_1149,M,1977-07-18,Unemployed,Low,9000001148
C01150,Citizen_1150,M,1965-05-22,Student,Middle,9000001149
C01151,Citizen_1151,F,1992-04-05,Agricultural Labour,Low,9000001150
C01152,Citizen_1152,M,1965-10-06,Government Employee,Middle,9000001151
C01153,Citizen_1153,F,1995-05-16,Agricultural Labour,High,9000001152
C01154,Citizen_1154,M,1997-07-04,Farmer,Low,9000001153
C01155,Citizen_1155,M,1969-05-05,Unemployed,Low,9000001154
C01156,Citizen_1156,F,1963-09-26,Farmer,Low,9000001155
C01157,Citizen_1157,F,1997-09-01,Business Owner,Low,9000001156
C01158,Citizen_1158,F,1975-08-26,Government Employee,Low,9000001157
C01159,Citizen_1159,F,1990-08-07,Agricultural Labour,Low,9000001158
C01160,Citizen_1160,F,1995-11-21,Agricultural Labour,Low,9000001159
C01161,Citizen_1161,M,1992-03-28,Agricultural Labour,Middle,9000001160
C01162,Citizen_1162,M,1996-03-08,Unemployed,High,9000001161
C01163,Citizen_1163,F,1974-05-14,Farmer,Middle,9000001162
C01164,Citizen_1164,M,1980-07-01,Government Employee,High,9000001163
C01165,Citizen_1165,F,1985-08-20,Government Employee,High,9000001164
C01166,Citizen_1166,M,1990-10-26,Unemployed,High,9000001165
C01167,Citizen_1167,M,1975-10-17,Business Owner,Middle,9000001166
C01168,Citizen_1168,M,1987-10-01,Unemployed,Low,9000001167
C01169,Citizen_1169,M,2005-03-25,Farmer,Middle,9000001168
C01170,Citizen_1170,F,1985-05-15,Student,Middle,9000001169
C01171,Citizen_1171,F,1979-08-17,Retired,Middle,9000001170
C01172,Citizen_1172,M,1990-06-03,Retired,Middle,9000001171
C01173,Citizen_1173,M,1976-11-09,Business Owner,Middle,9000001172
C01174,Citizen_1174,M,1980-06-08,Government Employee,Middle,9000001173
C01175,Citizen_1175,F,1972-06-17,Unemployed,Middle,9000001174
C01176,Citizen_1176,F,1998-07-22,Government Employee,High,9000001175
C01177,Citizen_1177,M,2009-12-10,Government Employee,High,9000001176
C01178,Citizen_1178,F,2005-09-18,Student,Low,9000001177
C01179,Citizen_1179,F,1997-09-06,Agricultural Labour,High,9000001178
C01180,Citizen_1180,F,2000-04-07,Student,Low,9000001179
C01181,Citizen_1181,F,1983-04-13,Retired,High,9000001180
C01182,Citizen_1182,F,1996-08-18,Student,Low,9000001181
C01183,Citizen_1183,F,1998-02-09,Agricultural Labour,Middle,9000001182
C01184,Citizen_1184,F,1960-02-07,Business Owner,Middle,9000001183
C01185,Citizen_1185,F,1995-10-27,Business Owner,High,9000001184
C01186,Citizen_1186,F,1972-05-02,Unemployed,High,9000001185
C01187,Citizen_1187,F,1998-02-16,Unemployed,Middle,9000001186
C01188,Citizen_1188,F,1967-03-06,Agricultural Labour,Middle,9000001187
C01189,Citizen_1189,M,1962-02-09,Agricultural Labour,High,9000001188
C01190,Citizen_1190,F,1968-02-24,Unemployed,Low,9000001189
C01191,Citizen_1191,M,2002-10-02,Farmer,Low,9000001190
C01192,Citizen_1192,F,1999-12-09,Business Owner,Middle,9000001191
C01193,Citizen_1193,M,1974-04-20,Business Owner,High,9000001192
C01194,Citizen_1194,F,1975-03-01,Student,Low,9000001193
C01195,Citizen_1195,M,1984-04-18,Farmer,Low,9000001194
C01196,Citizen_1196,M,1996-12-20,Business Owner,Middle,9000001195
C01197,Citizen_1197,M,1966-04-28,Unemployed,Low,9000001196
C01198,Citizen_1198,M,1989-10-06,Private Employee,Low,9000001197
C01199,Citizen_1199,F,1966-01-08,Business Owner,Middle,9000001198
C01200,Citizen_1200,F,1988-04-08,Agricultural Labour,Low,9000001199
C01201,Citizen_1201,F,2005-08-15,Private Employee,High,9000001200
C01202,Citizen_1202,F,1999-07-01,Business Owner,Low,9000001201
C01203,Citizen_1203,F,1987-09-11,Student,Low,9000001202
C01204,Citizen_1204,F,1992-10-13,Retired,High,9000001203
C01205,Citizen_1205,M,1983-03-23,Agricultural Labour,High,9000001204
C01206,Citizen_1206,F,1970-07-07,Government Employee,Middle,9000001205
C01207,Citizen_1207,F,1985-05-08,Business Owner,Low,9000001206
C01208,Citizen_1208,F,1998-08-01,Government Employee,High,9000001207
C01209,Citizen_1209,M,1988-12-26,Farmer,Middle,9000001208
C01210,Citizen_1210,F,1983-07-01,Retired,Middle,9000001209
C01211,Citizen_1211,F,1987-02-14,Business Owner,Middle,9000001210
C01212,Citizen_1212,M,1977-06-09,Retired,Low,9000001211
C01213,Citizen_1213,M,1974-10-21,Government Employee,Low,9000001212
C01214,Citizen_1214,F,1983-01-25,Government Employee,Low,9000001213
C01215,Citizen_1215,M,1965-10-23,Farmer,Middle,9000001214
C01216,Citizen_1216,M,1993-05-15,Private Employee,Middle,9000001215
C01217,Citizen_1217,M,1987-05-28,Private Employee,Low,9000001216
C01218,Citizen_1218,F,1979-03-17,Agricultural Labour,Low,9000001217
C01219,Citizen_1219,M,1999-01-19,Private Employee,Middle,9000001218
C01220,Citizen_1220,F,1987-03-08,Farmer,Low,9000001219
C01221,Citizen_1221,M,1964-02-09,Private Employee,High,9000001220
C01222,Citizen_1222,M,2009-08-18,Student,High,9000001221
C01223,Citizen_1223,M,1969-09-06,Government Employee,Low,9000001222
C01224,Citizen_1224,F,1970-05-17,Farmer,High,9000001223
C01225,Citizen_1225,M,1985-03-06,Farmer,Middle,9000001224
C01226,Citizen_1226,M,1968-04-28,Student,High,9000001225
C01227,Citizen_1227,F,1989-04-15,Private Employee,High,9000001226
C01228,Citizen_1228,M,2005-04-06,Farmer,Low,9000001227
C01229,Citizen_1229,F,1968-01-10,Retired,High,9000001228
C01230,Citizen_1230,F,2003-07-18,Unemployed,High,9000001229
C01231,Citizen_1231,F,2001-09-12,Unemployed,Middle,9000001230
C01232,Citizen_1232,F,1970-09-28,Retired,Low,9000001231
C01233,Citizen_1233,M,1973-02-20,Student,Middle,9000001232
C01234,Citizen_1234,M,1998-07-13,Unemployed,Middle,9000001233
C01235,Citizen_1235,F,1961-06-16,Government Employee,Low,9000001234
C01236,Citizen_1236,M,1987-11-25,Private Employee,Middle,9000001235
C01237,Citizen_1237,M,2001-05-13,Government Employee,Low,9000001236
C01238,Citizen_1238,M,1974-08-09,Retired,Middle,9000001237
C01239,Citizen_1239,F,2005-08-12,Government Employee,Middle,9000001238
C01240,Citizen_1240,M,1986-01-08,Private Employee,High,9000001239
C01241,Citizen_1241,M,1978-06-02,Student,Middle,9000001240
C01242,Citizen_1242,F,2001-07-03,Business Owner,Middle,9000001241
C01243,Citizen_1243,F,1962-08-03,Student,Middle,9000001242
C01244,Citizen_1244,M,1979-09-06,Farmer,Low,9000001243
C01245,Citizen_1245,M,2007-12-18,Business Owner,Low,9000001244
C01246,Citizen_1246,M,1992-04-21,Student,Low,9000001245
C01247,Citizen_1247,F,1985-06-26,Retired,Middle,9000001246
C01248,Citizen_1248,F,1978-06-02,Agricultural Labour,Middle,9000001247
C01249,Citizen_1249,F,1987-09-02,Agricultural Labour,Low,9000001248
C01250,Citizen_1250,F,1981-11-23,Retired,High,9000001249
C01251,Citizen_1251,F,1969-03-25,Government Employee,Low,9000001250
C01252,Citizen_1252,F,1977-07-08,Farmer,Low,9000001251
C01253,Citizen_1253,F,1960-03-07,Unemployed,High,9000001252
C01254,Citizen_1254,M,1986-03-14,Business Owner,Low,9000001253
C01255,Citizen_1255,M,1964-03-28,Farmer,Middle,9000001254
C01256,Citizen_1256,F,2010-02-08,Retired,Low,9000001255
C01257,Citizen_1257,F,1967-02-22,Retired,Middle,9000001256
C01258,Citizen_1258,F,1990-05-19,Student,High,9000001257
C01259,Citizen_1259,F,1993-03-22,Business Owner,High,9000001258
C01260,Citizen_1260,M,1974-01-14,Retired,Middle,9000001259
C01261,Citizen_1261,F,1992-05-16,Unemployed,Low,9000001260
C01262,Citizen_1262,F,1976-02-27,Private Employee,High,9000001261
C01263,Citizen_1263,M,2010-04-08,Retired,Low,9000001262
C01264,Citizen_1264,M,2004-09-17,Student,Middle,9000001263
C01265,Citizen_1265,F,1986-10-11,Business Owner,Low,9000001264
C01266,Citizen_1266,M,1970-10-16,Agricultural Labour,Middle,9000001265
C01267,Citizen_1267,M,1987-07-27,Unemployed,Low,9000001266
C01268,Citizen_1268,F,1990-01-11,Student,Low,9000001267
C01269,Citizen_1269,F,1975-08-16,Unemployed,High,9000001268
C01270,Citizen_1270,M,1985-07-28,Government Employee,Middle,9000001269
C01271,Citizen_1271,M,1999-03-11,Private Employee,High,9000001270
C01272,Citizen_1272,F,1997-07-28,Agricultural Labour,Low,9000001271
C01273,Citizen_1273,M,1965-12-01,Private Employee,High,9000001272
C01274,Citizen_1274,F,1991-02-26,Private Employee,Low,9000001273
C01275,Citizen_1275,M,1990-03-02,Private Employee,Middle,9000001274
C01276,Citizen_1276,F,2003-11-27,Student,High,9000001275
C01277,Citizen_1277,M,1962-03-10,Student,Low,9000001276
C01278,Citizen_1278,M,1997-02-02,Farmer,Low,9000001277
C01279,Citizen_1279,M,1985-08-04,Business Owner,High,9000001278
C01280,Citizen_1280,F,1999-09-03,Business Owner,Low,9000001279
C01281,Citizen_1281,M,1989-10-28,Business Owner,Low,9000001280
C01282,Citizen_1282,M,1991-10-08,Business Owner,Low,9000001281
C01283,Citizen_1283,F,1981-11-06,Retired,Middle,9000001282
C01284,Citizen_1284,F,1992-05-10,Unemployed,Middle,9000001283
C01285,Citizen_1285,M,2010-05-22,Student,Low,9000001284
C01286,Citizen_1286,M,1989-03-23,Private Employee,Low,9000001285
C01287,Citizen_1287,M,1963-10-04,Private Employee,Low,9000001286
C01288,Citizen_1288,F,1968-03-24,Agricultural Labour,Middle,9000001287
C01289,Citizen_1289,F,2004-06-19,Government Employee,High,9000001288
C01290,Citizen_1290,F,1987-07-04,Business Owner,High,9000001289
C01291,Citizen_1291,M,1990-11-02,Student,Low,9000001290
C01292,Citizen_1292,F,1972-06-03,Farmer,Low,9000001291
C01293,Citizen_1293,F,1984-03-27,Retired,Middle,9000001292
C01294,Citizen_1294,F,2010-12-28,Student,Middle,9000001293
C01295,Citizen_1295,M,1980-12-23,Unemployed,High,9000001294
C01296,Citizen_1296,F,2008-10-28,Private Employee,Low,9000001295
C01297,Citizen_1297,M,1976-07-03,Retired,Middle,9000001296
C01298,Citizen_1298,M,1962-03-08,Retired,Middle,9000001297
C01299,Citizen_1299,M,2006-03-14,Farmer,Low,9000001298
C01300,Citizen_1300,F,2005-06-26,Student,Middle,9000001299
C01301,Citizen_1301,M,1966-08-25,Government Employee,Low,9000001300
C01302,Citizen_1302,M,1981-11-22,Business Owner,High,9000001301
C01303,Citizen_1303,F,1993-10-20,Government Employee,Middle,9000001302
C01304,Citizen_1304,M,1989-12-19,Business Owner,High,9000001303
C01305,Citizen_1305,F,1962-05-11,Farmer,Middle,9000001304
C01306,Citizen_1306,M,1990-07-15,Government Employee,Middle,9000001305
C01307,Citizen_1307,M,1988-05-10,Farmer,Low,9000001306
C01308,Citizen_1308,F,1985-05-01,Government Employee,Low,9000001307
C01309,Citizen_1309,M,1988-04-13,Farmer,Middle,9000001308
C01310,Citizen_1310,M,1964-05-18,Unemployed,Low,9000001309
C01311,Citizen_1311,F,2009-10-22,Farmer,Middle,9000001310
C01312,Citizen_1312,M,1994-11-18,Business Owner,Low,9000001311
C01313,Citizen_1313,M,1984-09-24,Student,Low,9000001312
C01314,Citizen_1314,M,1960-11-14,Agricultural Labour,Middle,9000001313
C01315,Citizen_1315,M,1990-01-04,Private Employee,High,9000001314
C01316,Citizen_1316,F,1970-11-10,Business Owner,Middle,9000001315
C01317,Citizen_1317,M,1987-04-24,Private Employee,Middle,9000001316
C01318,Citizen_1318,M,2008-05-10,Agricultural Labour,Low,9000001317
C01319,Citizen_1319,M,1967-01-08,Agricultural Labour,Middle,9000001318
C01320,Citizen_1320,M,1967-08-11,Agricultural Labour,High,9000001319
C01321,Citizen_1321,F,1992-02-16,Business Owner,Low,9000001320
C01322,Citizen_1322,F,2010-02-12,Private Employee,Middle,9000001321
C01323,Citizen_1323,M,1994-05-24,Farmer,High,9000001322
C01324,Citizen_1324,M,1964-03-05,Student,Low,9000001323
C01325,Citizen_1325,M,1990-11-12,Farmer,Middle,9000001324
C01326,Citizen_1326,F,2010-07-04,Unemployed,Low,9000001325
C01327,Citizen_1327,M,1972-10-21,Retired,High,9000001326
C01328,Citizen_1328,M,2007-04-27,Retired,High,9000001327
C01329,Citizen_1329,F,1984-06-21,Student,Low,9000001328
C01330,Citizen_1330,M,1962-08-07,Farmer,High,9000001329
C01331,Citizen_1331,F,1961-11-12,Student,Middle,9000001330
C01332,Citizen_1332,M,1980-08-03,Private Employee,Low,9000001331
C01333,Citizen_1333,M,1997-03-16,Retired,High,9000001332
C01334,Citizen_1334,F,1967-10-26,Farmer,High,9000001333
C01335,Citizen_1335,F,1975-05-18,Unemployed,Middle,9000001334
C01336,Citizen_1336,M,1966-01-10,Private Employee,High,9000001335
C01337,Citizen_1337,F,1984-03-09,Student,Middle,9000001336
C01338,Citizen_1338,M,1993-06-03,Retired,Middle,9000001337
C01339,Citizen_1339,F,1986-01-01,Business Owner,Middle,9000001338
C01340,Citizen_1340,M,2005-02-28,Private Employee,High,9000001339
C01341,Citizen_1341,M,1983-02-04,Business Owner,Middle,9000001340
C01342,Citizen_1342,F,1967-03-19,Government Employee,High,9000001341
C01343,Citizen_1343,M,1974-01-09,Business Owner,High,9000001342
C01344,Citizen_1344,M,2005-09-19,Business Owner,High,9000001343
C01345,Citizen_1345,F,1966-07-25,Farmer,Middle,9000001344
C01346,Citizen_1346,F,1965-11-11,Business Owner,High,9000001345
C01347,Citizen_1347,M,1968-02-04,Farmer,Low,9000001346
C01348,Citizen_1348,F,1962-08-26,Student,Middle,9000001347
C01349,Citizen_1349,M,1976-03-19,Government Employee,Low,9000001348
C01350,Citizen_1350,F,1970-03-21,Agricultural Labour,High,9000001349
C01351,Citizen_1351,M,1990-04-24,Private Employee,Low,9000001350
C01352,Citizen_1352,M,1986-01-22,Business Owner,High,9000001351
C01353,Citizen_1353,M,1991-09-08,Farmer,Middle,9000001352
C01354,Citizen_1354,M,1999-11-13,Government Employee,High,9000001353
C01355,Citizen_1355,F,1982-03-13,Unemployed,High,9000001354
C01356,Citizen_1356,F,1977-04-20,Agricultural Labour,High,9000001355
C01357,Citizen_1357,F,1976-11-20,Retired,Low,9000001356
C01358,Citizen_1358,M,1985-10-07,Business Owner,High,9000001357
C01359,Citizen_1359,M,1996-03-27,Agricultural Labour,High,9000001358
C01360,Citizen_1360,M,1968-12-02,Government Employee,Low,9000001359
C01361,Citizen_1361,M,2006-02-22,Unemployed,Low,9000001360
C01362,Citizen_1362,M,1977-02-19,Farmer,High,9000001361
C01363,Citizen_1363,M,2005-02-27,Farmer,Middle,9000001362
C01364,Citizen_1364,M,1981-04-15,Private Employee,Low,9000001363
C01365,Citizen_1365,M,1983-06-14,Unemployed,High,9000001364
C01366,Citizen_1366,F,1988-11-07,Private Employee,Low,9000001365
C01367,Citizen_1367,F,1982-04-28,Government Employee,Middle,9000001366
C01368,Citizen_1368,F,1977-07-02,Business Owner,Low,9000001367
C01369,Citizen_1369,F,1989-03-02,Farmer,High,9000001368
C01370,Citizen_1370,F,1993-05-07,Unemployed,Low,9000001369
C01371,Citizen_1371,F,1969-05-09,Private Employee,Middle,9000001370
C01372,Citizen_1372,M,1990-09-03,Retired,Middle,9000001371
C01373,Citizen_1373,F,2001-04-15,Government Employee,High,9000001372
C01374,Citizen_1374,F,1990-07-09,Private Employee,Middle,9000001373
C01375,Citizen_1375,M,1988-03-01,Government Employee,High,9000001374
C01376,Citizen_1376,F,1984-04-18,Private Employee,Low,9000001375
C01377,Citizen_1377,F,2006-06-17,Business Owner,High,9000001376
C01378,Citizen_1378,M,1977-11-17,Business Owner,High,9000001377
C01379,Citizen_1379,F,1961-02-19,Agricultural Labour,Low,9000001378
C01380,Citizen_1380,F,1976-04-25,Private Employee,High,9000001379
C01381,Citizen_1381,F,1993-01-05,Farmer,Middle,9000001380
C01382,Citizen_1382,F,1996-06-01,Retired,Low,9000001381
C01383,Citizen_1383,M,1966-12-10,Unemployed,Middle,9000001382
C01384,Citizen_1384,F,1997-04-21,Unemployed,High,9000001383
C01385,Citizen_1385,F,1966-07-16,Government Employee,Low,9000001384
C01386,Citizen_1386,F,1962-06-12,Retired,Low,9000001385
C01387,Citizen_1387,F,1991-04-14,Farmer,High,9000001386
C01388,Citizen_1388,M,1966-10-05,Government Employee,Middle,9000001387
C01389,Citizen_1389,M,1973-08-14,Agricultural Labour,Low,9000001388
C01390,Citizen_1390,F,2005-03-08,Government Employee,Low,9000001389
C01391,Citizen_1391,F,1966-01-09,Farmer,High,9000001390
C01392,Citizen_1392,F,1967-05-21,Retired,Low,9000001391
C01393,Citizen_1393,M,1981-04-20,Agricultural Labour,Low,9000001392
C01394,Citizen_1394,F,2010-10-18,Government Employee,Low,9000001393
C01395,Citizen_1395,F,2004-05-18,Private Employee,High,9000001394
C01396,Citizen_1396,M,1991-04-26,Unemployed,Middle,9000001395
C01397,Citizen_1397,M,1965-09-19,Government Employee,High,9000001396
C01398,Citizen_1398,F,1960-07-23,Student,Middle,9000001397
C01399,Citizen_1399,F,1995-12-06,Farmer,High,9000001398
C01400,Citizen_1400,M,2000-10-01,Business Owner,Low,9000001399
C01401,Citizen_1401,M,1970-04-24,Farmer,High,9000001400
C01402,Citizen_1402,M,1972-04-07,Private Employee,Middle,9000001401
C01403,Citizen_1403,F,1963-11-15,Government Employee,High,9000001402
C01404,Citizen_1404,M,1962-02-24,Government Employee,Middle,9000001403
C01405,Citizen_1405,F,2003-07-05,Agricultural Labour,Low,9000001404
C01406,Citizen_1406,F,1984-01-06,Student,Low,9000001405
C01407,Citizen_1407,M,2003-07-04,Agricultural Labour,Low,9000001406
C01408,Citizen_1408,M,1964-03-14,Agricultural Labour,Middle,9000001407
C01409,Citizen_1409,M,2004-03-09,Student,Middle,9000001408
C01410,Citizen_1410,M,1998-09-22,Government Employee,Middle,9000001409
C01411,Citizen_1411,F,1971-10-27,Retired,Middle,9000001410
C01412,Citizen_1412,F,1976-10-07,Farmer,Low,9000001411
C01413,Citizen_1413,F,1978-07-25,Retired,Low,9000001412
C01414,Citizen_1414,M,2010-12-05,Farmer,Low,9000001413
C01415,Citizen_1415,M,1995-08-13,Private Employee,Low,9000001414
C01416,Citizen_1416,M,1994-04-26,Private Employee,Low,9000001415
C01417,Citizen_1417,M,1992-10-18,Agricultural Labour,Low,9000001416
C01418,Citizen_1418,M,1981-09-18,Agricultural Labour,Middle,9000001417
C01419,Citizen_1419,F,1981-09-05,Private Employee,Low,9000001418
C01420,Citizen_1420,F,1991-04-05,Government Employee,High,9000001419
C01421,Citizen_1421,M,1993-03-20,Retired,Low,9000001420
C01422,Citizen_1422,F,2006-11-18,Agricultural Labour,High,9000001421
C01423,Citizen_1423,F,1989-03-22,Business Owner,Middle,9000001422
C01424,Citizen_1424,M,1962-01-25,Farmer,High,9000001423
C01425,Citizen_1425,M,2006-01-03,Student,Low,9000001424
C01426,Citizen_1426,M,1965-12-07,Retired,Low,9000001425
C01427,Citizen_1427,F,2010-09-21,Student,Low,9000001426
C01428,Citizen_1428,M,2006-03-12,Student,Middle,9000001427
C01429,Citizen_1429,M,2010-09-21,Business Owner,Middle,9000001428
C01430,Citizen_1430,F,1970-02-18,Private Employee,High,9000001429
C01431,Citizen_1431,F,1978-08-17,Agricultural Labour,Low,9000001430
C01432,Citizen_1432,M,2008-05-17,Farmer,Middle,9000001431
C01433,Citizen_1433,F,1990-01-17,Unemployed,Middle,9000001432
C01434,Citizen_1434,M,1962-10-02,Farmer,High,9000001433
C01435,Citizen_1435,F,1975-07-12,Student,Low,9000001434
C01436,Citizen_1436,F,2006-09-09,Private Employee,Middle,9000001435
C01437,Citizen_1437,F,1996-02-08,Unemployed,Low,9000001436
C01438,Citizen_1438,F,1992-04-11,Student,High,9000001437
C01439,Citizen_1439,M,1983-05-27,Private Employee,High,9000001438
C01440,Citizen_1440,F,2006-01-18,Farmer,High,9000001439
C01441,Citizen_1441,F,1963-07-07,Government Employee,Middle,9000001440
C01442,Citizen_1442,F,1999-06-26,Farmer,High,9000001441
C01443,Citizen_1443,M,1968-02-02,Business Owner,Low,9000001442
C01444,Citizen_1444,M,1985-05-27,Agricultural Labour,High,9000001443
C01445,Citizen_1445,M,1976-11-24,Business Owner,High,9000001444
C01446,Citizen_1446,M,1995-08-16,Government Employee,High,9000001445
C01447,Citizen_1447,M,1984-12-25,Government Employee,High,9000001446
C01448,Citizen_1448,M,1985-05-08,Private Employee,High,9000001447
C01449,Citizen_1449,M,1969-12-13,Business Owner,High,9000001448
C01450,Citizen_1450,M,1993-10-21,Business Owner,Middle,9000001449
C01451,Citizen_1451,F,1970-01-08,Unemployed,High,9000001450
C01452,Citizen_1452,M,1983-12-24,Unemployed,Low,9000001451
C01453,Citizen_1453,M,1979-05-03,Retired,Low,9000001452
C01454,Citizen_1454,F,1978-11-13,Private Employee,Middle,9000001453
C01455,Citizen_1455,F,2008-05-28,Farmer,Low,9000001454
C01456,Citizen_1456,F,2010-04-24,Student,Middle,9000001455
C01457,Citizen_1457,M,1978-04-28,Farmer,High,9000001456
C01458,Citizen_1458,M,1990-07-10,Unemployed,Middle,9000001457
C01459,Citizen_1459,F,1992-10-27,Farmer,Low,9000001458
C01460,Citizen_1460,M,1983-04-18,Private Employee,Middle,9000001459
C01461,Citizen_1461,F,2006-03-15,Farmer,High,9000001460
C01462,Citizen_1462,F,1962-05-22,Farmer,Middle,9000001461
C01463,Citizen_1463,M,1973-04-07,Student,Low,9000001462
C01464,Citizen_1464,F,1997-06-23,Agricultural Labour,Middle,9000001463
C01465,Citizen_1465,M,1969-02-03,Agricultural Labour,High,9000001464
C01466,Citizen_1466,F,1993-08-24,Agricultural Labour,High,9000001465
C01467,Citizen_1467,M,1998-04-08,Agricultural Labour,High,9000001466
C01468,Citizen_1468,M,1991-04-05,Unemployed,High,9000001467
C01469,Citizen_1469,F,1974-01-14,Farmer,High,9000001468
C01470,Citizen_1470,M,1965-10-25,Retired,Middle,9000001469
C01471,Citizen_1471,F,1966-08-17,Unemployed,High,9000001470
C01472,Citizen_1472,M,1960-03-07,Farmer,Low,9000001471
C01473,Citizen_1473,M,1981-07-04,Private Employee,High,9000001472
C01474,Citizen_1474,M,1975-12-13,Student,Middle,9000001473
C01475,Citizen_1475,F,1976-12-10,Agricultural Labour,High,9000001474
C01476,Citizen_1476,F,1960-10-22,Government Employee,Middle,9000001475
C01477,Citizen_1477,F,1999-06-05,Farmer,Low,9000001476
C01478,Citizen_1478,F,1998-02-26,Agricultural Labour,High,9000001477
C01479,Citizen_1479,F,1966-09-10,Government Employee,Low,9000001478
C01480,Citizen_1480,F,1993-08-11,Farmer,High,9000001479
C01481,Citizen_1481,M,2008-07-07,Private Employee,High,9000001480
C01482,Citizen_1482,M,1973-10-20,Private Employee,Low,9000001481
C01483,Citizen_1483,M,1988-05-11,Student,Middle,9000001482
C01484,Citizen_1484,M,1965-05-02,Business Owner,Low,9000001483
C01485,Citizen_1485,F,2007-01-27,Student,High,9000001484
C01486,Citizen_1486,M,2009-06-08,Retired,Middle,9000001485
C01487,Citizen_1487,F,1987-12-02,Agricultural Labour,Low,9000001486
C01488,Citizen_1488,M,1987-01-02,Government Employee,Low,9000001487
C01489,Citizen_1489,M,1983-07-13,Agricultural Labour,Low,9000001488
C01490,Citizen_1490,F,1969-11-15,Agricultural Labour,Middle,9000001489
C01491,Citizen_1491,M,1966-03-25,Government Employee,Middle,9000001490
C01492,Citizen_1492,F,1982-01-27,Unemployed,High,9000001491
C01493,Citizen_1493,M,1987-10-04,Retired,High,9000001492
C01494,Citizen_1494,F,1987-09-21,Private Employee,High,9000001493
C01495,Citizen_1495,M,1993-05-10,Farmer,Low,9000001494
C01496,Citizen_1496,M,1979-09-01,Retired,Low,9000001495
C01497,Citizen_1497,F,1979-04-16,Private Employee,Middle,9000001496
C01498,Citizen_1498,M,1973-04-21,Student,High,9000001497
C01499,Citizen_1499,M,1963-02-22,Student,Middle,9000001498
C01500,Citizen_1500,M,1998-01-17,Student,High,9000001499
C01501,Citizen_1501,M,1978-05-19,Private Employee,Low,9000001500
C01502,Citizen_1502,F,1976-10-26,Private Employee,Middle,9000001501
C01503,Citizen_1503,F,2009-10-19,Unemployed,High,9000001502
C01504,Citizen_1504,F,1995-11-20,Retired,Low,9000001503
C01505,Citizen_1505,F,1969-09-26,Student,High,9000001504
C01506,Citizen_1506,F,2000-10-08,Private Employee,Middle,9000001505
C01507,Citizen_1507,M,1978-01-25,Business Owner,High,9000001506
C01508,Citizen_1508,M,1971-04-04,Private Employee,Low,9000001507
C01509,Citizen_1509,F,2009-03-25,Unemployed,Middle,9000001508
C01510,Citizen_1510,M,1986-10-23,Farmer,High,9000001509
C01511,Citizen_1511,F,1969-07-21,Agricultural Labour,Middle,9000001510
C01512,Citizen_1512,F,1961-11-15,Private Employee,High,9000001511
C01513,Citizen_1513,M,1979-09-24,Government Employee,High,9000001512
C01514,Citizen_1514,M,1980-11-22,Student,High,9000001513
C01515,Citizen_1515,M,1993-03-22,Farmer,Middle,9000001514
C01516,Citizen_1516,M,1982-07-22,Agricultural Labour,Low,9000001515
C01517,Citizen_1517,F,1981-01-18,Private Employee,Middle,9000001516
C01518,Citizen_1518,F,1994-11-05,Unemployed,High,9000001517
C01519,Citizen_1519,F,1965-09-13,Unemployed,Middle,9000001518
C01520,Citizen_1520,F,2000-02-27,Government Employee,Low,9000001519
C01521,Citizen_1521,F,1987-02-22,Private Employee,Low,9000001520
C01522,Citizen_1522,F,1996-06-25,Agricultural Labour,Middle,9000001521
C01523,Citizen_1523,M,2009-05-13,Private Employee,Low,9000001522
C01524,Citizen_1524,F,1992-05-21,Farmer,Low,9000001523
C01525,Citizen_1525,M,1990-04-01,Farmer,High,9000001524
C01526,Citizen_1526,F,1998-07-13,Agricultural Labour,Low,9000001525
C01527,Citizen_1527,M,2008-07-17,Government Employee,Low,9000001526
C01528,Citizen_1528,M,2002-04-27,Student,Low,9000001527
C01529,Citizen_1529,M,1964-07-17,Farmer,High,9000001528
C01530,Citizen_1530,F,1965-05-21,Agricultural Labour,High,9000001529
C01531,Citizen_1531,F,1963-08-14,Private Employee,High,9000001530
C01532,Citizen_1532,M,1997-08-21,Unemployed,High,9000001531
C01533,Citizen_1533,M,1963-12-12,Government Employee,High,9000001532
C01534,Citizen_1534,F,1977-01-16,Retired,Middle,9000001533
C01535,Citizen_1535,F,1985-03-02,Retired,Low,9000001534
C01536,Citizen_1536,F,2008-07-22,Private Employee,High,9000001535
C01537,Citizen_1537,M,1982-01-18,Agricultural Labour,High,9000001536
C01538,Citizen_1538,F,2006-11-27,Retired,Middle,9000001537
C01539,Citizen_1539,M,1970-10-23,Agricultural Labour,Middle,9000001538
C01540,Citizen_1540,M,1985-09-22,Business Owner,Low,9000001539
C01541,Citizen_1541,M,1972-04-15,Government Employee,Low,9000001540
C01542,Citizen_1542,M,1980-06-23,Private Employee,Low,9000001541
C01543,Citizen_1543,F,1985-02-15,Agricultural Labour,Middle,9000001542
C01544,Citizen_1544,M,1973-03-22,Agricultural Labour,Low,9000001543
C01545,Citizen_1545,M,1960-07-04,Government Employee,Middle,9000001544
C01546,Citizen_1546,M,1992-11-11,Private Employee,Middle,9000001545
C01547,Citizen_1547,F,1994-10-12,Unemployed,Low,9000001546
C01548,Citizen_1548,M,1973-08-03,Business Owner,Middle,9000001547
C01549,Citizen_1549,F,1997-01-24,Private Employee,High,9000001548
C01550,Citizen_1550,F,1963-03-28,Unemployed,Middle,9000001549
C01551,Citizen_1551,M,1966-07-09,Business Owner,Low,9000001550
C01552,Citizen_1552,M,1988-04-22,Business Owner,Low,9000001551
C01553,Citizen_1553,F,1990-09-04,Private Employee,Middle,9000001552
C01554,Citizen_1554,F,2002-09-06,Private Employee,Low,9000001553
C01555,Citizen_1555,M,1970-11-03,Retired,High,9000001554
C01556,Citizen_1556,M,1966-11-07,Business Owner,High,9000001555
C01557,Citizen_1557,F,1970-10-18,Student,High,9000001556
C01558,Citizen_1558,F,2010-12-22,Retired,Low,9000001557
C01559,Citizen_1559,F,1974-09-08,Agricultural Labour,High,9000001558
C01560,Citizen_1560,M,1994-11-11,Unemployed,Low,9000001559
C01561,Citizen_1561,F,1974-10-25,Retired,High,9000001560
C01562,Citizen_1562,M,1991-12-19,Unemployed,Middle,9000001561
C01563,Citizen_1563,M,1989-08-23,Farmer,Middle,9000001562
C01564,Citizen_1564,F,1975-07-17,Private Employee,Low,9000001563
C01565,Citizen_1565,F,2008-01-13,Private Employee,Low,9000001564
C01566,Citizen_1566,M,1971-04-21,Student,Middle,9000001565
C01567,Citizen_1567,M,1965-07-22,Student,Low,9000001566
C01568,Citizen_1568,F,1994-08-04,Business Owner,Middle,9000001567
C01569,Citizen_1569,M,2006-02-17,Private Employee,Low,9000001568
C01570,Citizen_1570,M,1980-10-13,Retired,High,9000001569
C01571,Citizen_1571,M,1995-10-18,Business Owner,Low,9000001570
C01572,Citizen_1572,F,1999-10-18,Business Owner,High,9000001571
C01573,Citizen_1573,M,1970-03-02,Student,Low,9000001572
C01574,Citizen_1574,M,2002-09-14,Business Owner,High,9000001573
C01575,Citizen_1575,F,2001-03-10,Student,High,9000001574
C01576,Citizen_1576,M,2001-02-10,Student,Middle,9000001575
C01577,Citizen_1577,F,2008-01-23,Retired,Low,9000001576
C01578,Citizen_1578,F,1971-04-18,Unemployed,Middle,9000001577
C01579,Citizen_1579,F,1990-04-18,Private Employee,Low,9000001578
C01580,Citizen_1580,F,1977-07-25,Agricultural Labour,High,9000001579
C01581,Citizen_1581,M,2006-11-22,Retired,Middle,9000001580
C01582,Citizen_1582,F,1984-09-05,Unemployed,High,9000001581
C01583,Citizen_1583,F,2005-03-27,Private Employee,Middle,9000001582
C01584,Citizen_1584,M,1991-12-02,Student,High,9000001583
C01585,Citizen_1585,M,1985-11-06,Government Employee,Middle,9000001584
C01586,Citizen_1586,M,2004-05-01,Student,Middle,9000001585
C01587,Citizen_1587,F,2006-10-11,Retired,High,9000001586
C01588,Citizen_1588,M,1961-11-04,Private Employee,Middle,9000001587
C01589,Citizen_1589,M,2009-12-11,Student,Middle,9000001588
C01590,Citizen_1590,F,1971-09-13,Retired,High,9000001589
C01591,Citizen_1591,F,1972-03-12,Business Owner,Low,9000001590
C01592,Citizen_1592,M,2000-03-22,Business Owner,Middle,9000001591
C01593,Citizen_1593,M,1972-09-19,Agricultural Labour,Middle,9000001592
C01594,Citizen_1594,F,1970-05-03,Student,Low,9000001593
C01595,Citizen_1595,F,2006-08-06,Student,Middle,9000001594
C01596,Citizen_1596,M,1996-03-13,Government Employee,High,9000001595
C01597,Citizen_1597,M,1981-09-20,Student,Low,9000001596
C01598,Citizen_1598,M,1992-02-18,Unemployed,Middle,9000001597
C01599,Citizen_1599,F,1961-11-16,Business Owner,Middle,9000001598
C01600,Citizen_1600,F,1961-10-11,Retired,High,9000001599
C01601,Citizen_1601,F,1976-04-01,Government Employee,Middle,9000001600
C01602,Citizen_1602,M,2003-09-27,Agricultural Labour,Low,9000001601
C01603,Citizen_1603,F,1998-08-06,Farmer,Low,9000001602
C01604,Citizen_1604,F,1997-04-09,Farmer,Low,9000001603
C01605,Citizen_1605,F,1973-07-10,Agricultural Labour,Middle,9000001604
C01606,Citizen_1606,F,1989-02-11,Student,Low,9000001605
C01607,Citizen_1607,M,1973-12-06,Student,High,9000001606
C01608,Citizen_1608,M,1986-08-24,Agricultural Labour,Low,9000001607
C01609,Citizen_1609,F,1988-06-02,Farmer,High,9000001608
C01610,Citizen_1610,F,1969-12-28,Agricultural Labour,Middle,9000001609
C01611,Citizen_1611,M,1962-06-06,Retired,Middle,9000001610
C01612,Citizen_1612,M,2004-10-17,Retired,High,9000001611
C01613,Citizen_1613,M,1998-12-27,Private Employee,Middle,9000001612
C01614,Citizen_1614,M,1977-06-05,Government Employee,High,9000001613
C01615,Citizen_1615,F,1985-03-05,Student,High,9000001614
C01616,Citizen_1616,F,1986-01-11,Unemployed,Middle,9000001615
C01617,Citizen_1617,F,1977-05-28,Private Employee,Low,9000001616
C01618,Citizen_1618,F,2005-06-17,Student,High,9000001617
C01619,Citizen_1619,F,1994-11-11,Unemployed,Middle,9000001618
C01620,Citizen_1620,F,2010-12-27,Business Owner,Low,9000001619
C01621,Citizen_1621,M,1979-10-04,Agricultural Labour,High,9000001620
C01622,Citizen_1622,F,1981-01-05,Farmer,Low,9000001621
C01623,Citizen_1623,M,1969-05-12,Government Employee,High,9000001622
C01624,Citizen_1624,M,1964-04-05,Agricultural Labour,Middle,9000001623
C01625,Citizen_1625,F,1964-04-01,Student,Middle,9000001624
C01626,Citizen_1626,F,1962-09-07,Unemployed,High,9000001625
C01627,Citizen_1627,M,2003-02-10,Business Owner,Middle,9000001626
C01628,Citizen_1628,F,1984-10-20,Retired,Low,9000001627
C01629,Citizen_1629,F,2004-04-14,Retired,High,9000001628
C01630,Citizen_1630,F,2006-05-21,Unemployed,Low,9000001629
C01631,Citizen_1631,M,1968-06-28,Private Employee,Middle,9000001630
C01632,Citizen_1632,F,1973-02-17,Government Employee,Low,9000001631
C01633,Citizen_1633,M,2007-03-07,Agricultural Labour,Low,9000001632
C01634,Citizen_1634,M,1998-03-27,Farmer,High,9000001633
C01635,Citizen_1635,F,1999-02-02,Unemployed,High,9000001634
C01636,Citizen_1636,M,1965-09-08,Unemployed,Middle,9000001635
C01637,Citizen_1637,F,1970-04-23,Retired,Middle,9000001636
C01638,Citizen_1638,M,1994-03-25,Retired,Middle,9000001637
C01639,Citizen_1639,M,2002-08-06,Private Employee,Middle,9000001638
C01640,Citizen_1640,F,1989-06-09,Student,High,9000001639
C01641,Citizen_1641,F,1990-03-13,Private Employee,High,9000001640
C01642,Citizen_1642,M,1980-03-20,Agricultural Labour,High,9000001641
C01643,Citizen_1643,F,1984-11-18,Government Employee,High,9000001642
C01644,Citizen_1644,M,1985-01-18,Private Employee,High,9000001643
C01645,Citizen_1645,F,1967-11-16,Private Employee,Low,9000001644
C01646,Citizen_1646,F,2003-04-07,Retired,High,9000001645
C01647,Citizen_1647,M,1996-11-19,Private Employee,Low,9000001646
C01648,Citizen_1648,F,1971-03-05,Government Employee,High,9000001647
C01649,Citizen_1649,F,1970-02-24,Unemployed,Middle,9000001648
C01650,Citizen_1650,M,2000-05-08,Private Employee,Low,9000001649
C01651,Citizen_1651,M,1980-11-12,Government Employee,High,9000001650
C01652,Citizen_1652,M,1980-09-10,Business Owner,Middle,9000001651
C01653,Citizen_1653,M,1991-12-21,Retired,High,9000001652
C01654,Citizen_1654,F,1974-03-26,Unemployed,Middle,9000001653
C01655,Citizen_1655,M,1961-10-11,Business Owner,Middle,9000001654
C01656,Citizen_1656,F,1999-12-24,Agricultural Labour,Low,9000001655
C01657,Citizen_1657,F,1998-10-15,Farmer,Low,9000001656
C01658,Citizen_1658,M,1988-02-06,Farmer,Middle,9000001657
C01659,Citizen_1659,M,2002-10-15,Retired,High,9000001658
C01660,Citizen_1660,M,1973-08-23,Student,Low,9000001659
C01661,Citizen_1661,M,1968-03-01,Agricultural Labour,Low,9000001660
C01662,Citizen_1662,F,1985-12-26,Farmer,High,9000001661
C01663,Citizen_1663,M,1971-01-02,Business Owner,High,9000001662
C01664,Citizen_1664,F,1998-11-15,Retired,Middle,9000001663
C01665,Citizen_1665,M,2004-12-24,Student,High,9000001664
C01666,Citizen_1666,F,1971-04-21,Unemployed,Low,9000001665
C01667,Citizen_1667,M,1972-01-09,Business Owner,Low,9000001666
C01668,Citizen_1668,F,2001-02-27,Student,Low,9000001667
C01669,Citizen_1669,F,1964-06-27,Private Employee,Low,9000001668
C01670,Citizen_1670,M,1961-03-21,Private Employee,High,9000001669
C01671,Citizen_1671,F,2002-01-03,Business Owner,Low,9000001670
C01672,Citizen_1672,F,1977-11-28,Government Employee,Low,9000001671
C01673,Citizen_1673,M,1960-10-14,Retired,Low,9000001672
C01674,Citizen_1674,M,2003-10-16,Agricultural Labour,High,9000001673
C01675,Citizen_1675,M,1969-07-02,Private Employee,High,9000001674
C01676,Citizen_1676,M,1967-04-06,Agricultural Labour,High,9000001675
C01677,Citizen_1677,F,1986-08-25,Private Employee,Low,9000001676
C01678,Citizen_1678,M,1998-12-22,Agricultural Labour,Low,9000001677
C01679,Citizen_1679,M,1984-07-04,Private Employee,Low,9000001678
C01680,Citizen_1680,M,1967-10-24,Farmer,Middle,9000001679
C01681,Citizen_1681,M,2006-06-22,Retired,Low,9000001680
C01682,Citizen_1682,M,1999-12-24,Government Employee,Low,9000001681
C01683,Citizen_1683,F,1996-04-14,Unemployed,Middle,9000001682
C01684,Citizen_1684,M,1994-01-22,Private Employee,Middle,9000001683
C01685,Citizen_1685,F,2009-09-04,Private Employee,Middle,9000001684
C01686,Citizen_1686,M,1966-02-10,Farmer,High,9000001685
C01687,Citizen_1687,F,2000-09-05,Student,Low,9000001686
C01688,Citizen_1688,F,1968-03-20,Business Owner,Middle,9000001687
C01689,Citizen_1689,M,1961-10-07,Student,Middle,9000001688
C01690,Citizen_1690,F,2010-02-26,Farmer,Low,9000001689
C01691,Citizen_1691,F,1968-12-19,Retired,Low,9000001690
C01692,Citizen_1692,M,1974-08-04,Private Employee,Middle,9000001691
C01693,Citizen_1693,M,1987-06-18,Student,High,9000001692
C01694,Citizen_1694,F,1984-05-25,Private Employee,Low,9000001693
C01695,Citizen_1695,M,1976-02-24,Private Employee,Low,9000001694
C01696,Citizen_1696,M,1990-01-14,Agricultural Labour,Middle,9000001695
C01697,Citizen_1697,M,1990-04-18,Retired,Middle,9000001696
C01698,Citizen_1698,M,1970-10-20,Farmer,Middle,9000001697
C01699,Citizen_1699,M,1987-07-28,Farmer,Middle,9000001698
C01700,Citizen_1700,M,1968-03-28,Business Owner,High,9000001699
C01701,Citizen_1701,M,1981-06-09,Private Employee,High,9000001700
C01702,Citizen_1702,M,1974-12-23,Business Owner,Low,9000001701
C01703,Citizen_1703,M,1963-02-01,Student,Middle,9000001702
C01704,Citizen_1704,F,1996-11-15,Student,Middle,9000001703
C01705,Citizen_1705,F,1999-02-12,Retired,High,9000001704
C01706,Citizen_1706,F,1983-05-14,Private Employee,Low,9000001705
C01707,Citizen_1707,F,1990-02-05,Business Owner,Middle,9000001706
C01708,Citizen_1708,F,1960-02-02,Farmer,Low,9000001707
C01709,Citizen_1709,M,1962-04-01,Unemployed,High,9000001708
C01710,Citizen_1710,M,1966-08-13,Business Owner,Low,9000001709
C01711,Citizen_1711,F,1970-07-17,Farmer,High,9000001710
C01712,Citizen_1712,M,1993-02-26,Student,Middle,9000001711
C01713,Citizen_1713,M,1969-10-01,Agricultural Labour,Middle,9000001712
C01714,Citizen_1714,M,1989-02-07,Farmer,Middle,9000001713
C01715,Citizen_1715,F,1966-04-02,Retired,High,9000001714
C01716,Citizen_1716,M,1981-02-02,Business Owner,Middle,9000001715
C01717,Citizen_1717,F,1991-05-07,Unemployed,Low,9000001716
C01718,Citizen_1718,M,2005-04-01,Farmer,High,9000001717
C01719,Citizen_1719,F,1971-06-18,Student,Middle,9000001718
C01720,Citizen_1720,F,2005-07-20,Business Owner,Middle,9000001719
C01721,Citizen_1721,M,1973-02-18,Farmer,Middle,9000001720
C01722,Citizen_1722,M,2002-04-20,Unemployed,Low,9000001721
C01723,Citizen_1723,F,1976-07-13,Unemployed,Low,9000001722
C01724,Citizen_1724,M,1982-10-03,Government Employee,Low,9000001723
C01725,Citizen_1725,F,1961-01-02,Business Owner,Middle,9000001724
C01726,Citizen_1726,F,1987-02-10,Student,High,9000001725
C01727,Citizen_1727,M,2008-02-26,Agricultural Labour,Low,9000001726
C01728,Citizen_1728,F,1997-08-22,Retired,Low,9000001727
C01729,Citizen_1729,F,1962-01-24,Business Owner,High,9000001728
C01730,Citizen_1730,M,1994-09-03,Business Owner,High,9000001729
C01731,Citizen_1731,M,1980-04-22,Agricultural Labour,Middle,9000001730
C01732,Citizen_1732,M,1962-05-20,Farmer,High,9000001731
C01733,Citizen_1733,F,2001-10-27,Retired,Middle,9000001732
C01734,Citizen_1734,F,2000-04-21,Agricultural Labour,Low,9000001733
C01735,Citizen_1735,F,1997-08-22,Agricultural Labour,Middle,9000001734
C01736,Citizen_1736,F,1998-09-24,Business Owner,Low,9000001735
C01737,Citizen_1737,F,1984-02-05,Government Employee,Middle,9000001736
C01738,Citizen_1738,F,1963-08-16,Business Owner,Low,9000001737
C01739,Citizen_1739,M,1971-06-14,Private Employee,Low,9000001738
C01740,Citizen_1740,F,1997-10-04,Retired,Low,9000001739
C01741,Citizen_1741,M,2005-05-06,Unemployed,High,9000001740
C01742,Citizen_1742,M,1961-04-15,Farmer,High,9000001741
C01743,Citizen_1743,F,1994-03-04,Agricultural Labour,Middle,9000001742
C01744,Citizen_1744,M,1970-11-22,Farmer,High,9000001743
C01745,Citizen_1745,F,1966-09-26,Agricultural Labour,Low,9000001744
C01746,Citizen_1746,F,2003-12-25,Retired,Low,9000001745
C01747,Citizen_1747,M,1965-08-01,Business Owner,High,9000001746
C01748,Citizen_1748,M,1964-09-13,Business Owner,Middle,9000001747
C01749,Citizen_1749,M,1970-02-15,Student,High,9000001748
C01750,Citizen_1750,M,1996-08-17,Student,Middle,9000001749
C01751,Citizen_1751,M,1994-03-02,Farmer,Middle,9000001750
C01752,Citizen_1752,M,1986-08-11,Retired,High,9000001751
C01753,Citizen_1753,M,1971-04-13,Agricultural Labour,Middle,9000001752
C01754,Citizen_1754,F,1965-11-22,Agricultural Labour,Low,9000001753
C01755,Citizen_1755,F,2003-10-09,Private Employee,High,9000001754
C01756,Citizen_1756,F,1995-09-05,Retired,High,9000001755
C01757,Citizen_1757,F,1997-11-28,Retired,High,9000001756
C01758,Citizen_1758,M,1977-01-19,Student,Low,9000001757
C01759,Citizen_1759,M,1976-02-26,Unemployed,Low,9000001758
C01760,Citizen_1760,F,1987-01-16,Government Employee,Low,9000001759
C01761,Citizen_1761,F,1978-11-26,Government Employee,Middle,9000001760
C01762,Citizen_1762,F,1982-02-25,Retired,High,9000001761
C01763,Citizen_1763,F,1971-05-21,Farmer,High,9000001762
C01764,Citizen_1764,F,2004-11-10,Unemployed,Middle,9000001763
C01765,Citizen_1765,M,2006-05-20,Unemployed,Low,9000001764
C01766,Citizen_1766,F,1988-09-10,Private Employee,Low,9000001765
C01767,Citizen_1767,F,1960-03-18,Student,Low,9000001766
C01768,Citizen_1768,F,1969-03-12,Government Employee,High,9000001767
C01769,Citizen_1769,F,1977-09-18,Private Employee,Low,9000001768
C01770,Citizen_1770,M,1977-09-13,Government Employee,High,9000001769
C01771,Citizen_1771,M,1987-03-09,Unemployed,Middle,9000001770
C01772,Citizen_1772,M,2008-09-15,Agricultural Labour,Middle,9000001771
C01773,Citizen_1773,M,1999-02-03,Business Owner,Low,9000001772
C01774,Citizen_1774,M,1967-10-25,Government Employee,Middle,9000001773
C01775,Citizen_1775,M,1973-12-14,Agricultural Labour,Low,9000001774
C01776,Citizen_1776,M,1990-12-14,Farmer,Middle,9000001775
C01777,Citizen_1777,M,1975-01-09,Student,High,9000001776
C01778,Citizen_1778,M,1985-06-25,Farmer,Low,9000001777
C01779,Citizen_1779,F,1977-05-16,Private Employee,Middle,9000001778
C01780,Citizen_1780,M,1999-02-14,Student,High,9000001779
C01781,Citizen_1781,M,1972-12-10,Business Owner,Low,9000001780
C01782,Citizen_1782,F,1985-02-16,Retired,High,9000001781
C01783,Citizen_1783,M,2009-09-05,Business Owner,High,9000001782
C01784,Citizen_1784,M,1994-09-24,Farmer,Middle,9000001783
C01785,Citizen_1785,F,1995-03-04,Business Owner,Low,9000001784
C01786,Citizen_1786,F,1977-07-17,Agricultural Labour,Low,9000001785
C01787,Citizen_1787,F,1999-03-13,Unemployed,Middle,9000001786
C01788,Citizen_1788,F,1999-11-18,Government Employee,High,9000001787
C01789,Citizen_1789,F,2004-10-18,Retired,Middle,9000001788
C01790,Citizen_1790,F,1996-05-23,Agricultural Labour,Middle,9000001789
C01791,Citizen_1791,F,1997-05-11,Farmer,Low,9000001790
C01792,Citizen_1792,M,1999-03-24,Private Employee,Low,9000001791
C01793,Citizen_1793,F,1983-04-23,Unemployed,High,9000001792
C01794,Citizen_1794,M,1982-02-03,Retired,Low,9000001793
C01795,Citizen_1795,F,2003-12-02,Government Employee,High,9000001794
C01796,Citizen_1796,F,1973-07-11,Government Employee,Middle,9000001795
C01797,Citizen_1797,M,1966-09-19,Business Owner,Middle,9000001796
C01798,Citizen_1798,F,1998-01-13,Retired,Low,9000001797
C01799,Citizen_1799,M,1961-10-21,Business Owner,Low,9000001798
C01800,Citizen_1800,F,1993-10-09,Private Employee,Low,9000001799
C01801,Citizen_1801,F,1984-07-22,Business Owner,High,9000001800
C01802,Citizen_1802,F,1987-08-14,Farmer,Middle,9000001801
C01803,Citizen_1803,F,1976-03-01,Business Owner,Middle,9000001802
C01804,Citizen_1804,F,1983-08-25,Retired,Middle,9000001803
C01805,Citizen_1805,M,1996-08-26,Business Owner,Middle,9000001804
C01806,Citizen_1806,M,1972-09-26,Farmer,Middle,9000001805
C01807,Citizen_1807,M,1975-06-09,Unemployed,Middle,9000001806
C01808,Citizen_1808,M,2000-03-25,Unemployed,Middle,9000001807
C01809,Citizen_1809,F,1963-02-13,Student,High,9000001808
C01810,Citizen_1810,F,1974-01-01,Unemployed,Low,9000001809
C01811,Citizen_1811,M,1967-03-05,Business Owner,Low,9000001810
C01812,Citizen_1812,F,1987-08-23,Retired,Middle,9000001811
C01813,Citizen_1813,F,1968-06-20,Agricultural Labour,Middle,9000001812
C01814,Citizen_1814,M,1966-02-06,Business Owner,High,9000001813
C01815,Citizen_1815,M,1965-06-28,Business Owner,High,9000001814
C01816,Citizen_1816,F,1963-01-25,Farmer,Low,9000001815
C01817,Citizen_1817,F,1997-09-13,Retired,High,9000001816
C01818,Citizen_1818,F,1995-03-07,Agricultural Labour,Low,9000001817
C01819,Citizen_1819,F,1988-01-26,Business Owner,Middle,9000001818
C01820,Citizen_1820,M,2005-07-26,Business Owner,Low,9000001819
C01821,Citizen_1821,F,1964-03-24,Agricultural Labour,Low,9000001820
C01822,Citizen_1822,M,1973-09-09,Government Employee,High,9000001821
C01823,Citizen_1823,F,1981-04-14,Student,High,9000001822
C01824,Citizen_1824,F,2008-09-02,Retired,High,9000001823
C01825,Citizen_1825,F,2000-03-12,Business Owner,High,9000001824
C01826,Citizen_1826,M,1979-03-04,Government Employee,High,9000001825
C01827,Citizen_1827,F,1976-06-26,Business Owner,Low,9000001826
C01828,Citizen_1828,M,2003-07-09,Business Owner,High,9000001827
C01829,Citizen_1829,F,1978-11-15,Student,High,9000001828
C01830,Citizen_1830,M,1972-02-04,Private Employee,Low,9000001829
C01831,Citizen_1831,M,2005-08-10,Retired,High,9000001830
C01832,Citizen_1832,M,1988-08-25,Unemployed,Low,9000001831
C01833,Citizen_1833,M,2002-05-21,Private Employee,Middle,9000001832
C01834,Citizen_1834,M,1961-04-28,Unemployed,High,9000001833
C01835,Citizen_1835,M,1964-08-12,Farmer,High,9000001834
C01836,Citizen_1836,M,1964-10-26,Unemployed,Low,9000001835
C01837,Citizen_1837,M,1976-06-23,Government Employee,Low,9000001836
C01838,Citizen_1838,F,1998-04-11,Private Employee,Middle,9000001837
C01839,Citizen_1839,M,1981-04-10,Farmer,Low,9000001838
C01840,Citizen_1840,M,1992-02-23,Unemployed,Middle,9000001839
C01841,Citizen_1841,F,1992-05-17,Agricultural Labour,Middle,9000001840
C01842,Citizen_1842,F,1971-05-09,Business Owner,High,9000001841
C01843,Citizen_1843,F,1976-05-14,Farmer,High,9000001842
C01844,Citizen_1844,M,1994-06-23,Agricultural Labour,Middle,9000001843
C01845,Citizen_1845,M,1988-12-26,Agricultural Labour,Low,9000001844
C01846,Citizen_1846,F,1975-11-20,Agricultural Labour,Low,9000001845
C01847,Citizen_1847,F,1992-09-22,Business Owner,High,9000001846
C01848,Citizen_1848,F,1999-10-19,Unemployed,High,9000001847
C01849,Citizen_1849,M,2008-12-20,Farmer,Middle,9000001848
C01850,Citizen_1850,F,1990-10-23,Private Employee,Middle,9000001849
C01851,Citizen_1851,M,1977-08-22,Private Employee,Middle,9000001850
C01852,Citizen_1852,F,1974-01-26,Agricultural Labour,High,9000001851
C01853,Citizen_1853,F,2005-05-06,Business Owner,Low,9000001852
C01854,Citizen_1854,M,1995-11-08,Retired,Low,9000001853
C01855,Citizen_1855,M,1975-10-26,Agricultural Labour,Low,9000001854
C01856,Citizen_1856,M,2001-11-18,Retired,Low,9000001855
C01857,Citizen_1857,F,1970-10-07,Private Employee,High,9000001856
C01858,Citizen_1858,M,2005-10-18,Government Employee,Low,9000001857
C01859,Citizen_1859,M,1967-01-27,Agricultural Labour,Low,9000001858
C01860,Citizen_1860,M,1974-03-01,Farmer,Low,9000001859
C01861,Citizen_1861,F,1989-07-13,Agricultural Labour,Low,9000001860
C01862,Citizen_1862,M,1992-11-20,Retired,High,9000001861
C01863,Citizen_1863,F,1967-01-18,Agricultural Labour,Middle,9000001862
C01864,Citizen_1864,M,1983-07-26,Agricultural Labour,Middle,9000001863
C01865,Citizen_1865,M,2006-04-18,Business Owner,Middle,9000001864
C01866,Citizen_1866,M,2001-02-19,Farmer,Middle,9000001865
C01867,Citizen_1867,F,1986-09-21,Private Employee,Low,9000001866
C01868,Citizen_1868,F,1979-07-28,Student,High,9000001867
C01869,Citizen_1869,M,1962-01-07,Farmer,Middle,9000001868
C01870,Citizen_1870,F,1971-01-12,Business Owner,Middle,9000001869
C01871,Citizen_1871,F,1988-02-11,Farmer,High,9000001870
C01872,Citizen_1872,M,1987-07-22,Unemployed,Middle,9000001871
C01873,Citizen_1873,F,1965-02-01,Unemployed,Middle,9000001872
C01874,Citizen_1874,F,1965-12-03,Government Employee,Middle,9000001873
C01875,Citizen_1875,M,1988-09-11,Agricultural Labour,Middle,9000001874
C01876,Citizen_1876,F,2009-10-16,Farmer,High,9000001875
C01877,Citizen_1877,M,1983-09-25,Government Employee,Middle,9000001876
C01878,Citizen_1878,F,1995-04-10,Private Employee,Middle,9000001877
C01879,Citizen_1879,F,1970-07-20,Retired,Low,9000001878
C01880,Citizen_1880,M,1994-07-18,Agricultural Labour,Middle,9000001879
C01881,Citizen_1881,F,2010-10-03,Student,Low,9000001880
C01882,Citizen_1882,F,1997-07-06,Student,Middle,9000001881
C01883,Citizen_1883,M,1996-08-13,Farmer,High,9000001882
C01884,Citizen_1884,M,1968-01-03,Private Employee,Middle,9000001883
C01885,Citizen_1885,F,1989-11-17,Private Employee,Middle,9000001884
C01886,Citizen_1886,M,1979-02-18,Farmer,High,9000001885
C01887,Citizen_1887,F,1968-02-26,Retired,Middle,9000001886
C01888,Citizen_1888,F,1992-06-04,Retired,Middle,9000001887
C01889,Citizen_1889,F,1978-12-03,Private Employee,Middle,9000001888
C01890,Citizen_1890,F,1984-10-06,Agricultural Labour,Low,9000001889
C01891,Citizen_1891,M,1977-02-20,Unemployed,Low,9000001890
C01892,Citizen_1892,F,1977-03-06,Private Employee,High,9000001891
C01893,Citizen_1893,F,1981-09-19,Agricultural Labour,Middle,9000001892
C01894,Citizen_1894,M,2005-05-24,Student,Middle,9000001893
C01895,Citizen_1895,M,1966-09-12,Business Owner,Middle,9000001894
C01896,Citizen_1896,F,1962-06-14,Private Employee,Low,9000001895
C01897,Citizen_1897,M,1968-06-16,Farmer,High,9000001896
C01898,Citizen_1898,M,2006-01-03,Unemployed,Low,9000001897
C01899,Citizen_1899,F,1986-05-02,Retired,Low,9000001898
C01900,Citizen_1900,M,1968-05-28,Retired,Low,9000001899
C01901,Citizen_1901,M,1995-10-11,Business Owner,Low,9000001900
C01902,Citizen_1902,M,1965-08-17,Private Employee,Low,9000001901
C01903,Citizen_1903,F,2005-08-08,Agricultural Labour,Low,9000001902
C01904,Citizen_1904,F,1964-07-18,Student,Low,9000001903
C01905,Citizen_1905,F,1964-01-26,Student,High,9000001904
C01906,Citizen_1906,M,1965-02-19,Student,Low,9000001905
C01907,Citizen_1907,M,1989-02-27,Agricultural Labour,Middle,9000001906
C01908,Citizen_1908,M,1987-02-24,Farmer,High,9000001907
C01909,Citizen_1909,F,1974-08-02,Private Employee,Low,9000001908
C01910,Citizen_1910,M,1962-08-03,Unemployed,High,9000001909
C01911,Citizen_1911,F,2003-01-01,Retired,Middle,9000001910
C01912,Citizen_1912,M,1992-10-26,Business Owner,High,9000001911
C01913,Citizen_1913,F,2004-05-08,Private Employee,High,9000001912
C01914,Citizen_1914,F,1986-10-18,Government Employee,Middle,9000001913
C01915,Citizen_1915,F,1968-10-09,Business Owner,Middle,9000001914
C01916,Citizen_1916,M,1986-12-03,Private Employee,Middle,9000001915
C01917,Citizen_1917,M,1979-09-03,Government Employee,High,9000001916
C01918,Citizen_1918,M,1962-05-11,Farmer,Low,9000001917
C01919,Citizen_1919,F,2009-09-22,Unemployed,Low,9000001918
C01920,Citizen_1920,M,1964-08-10,Government Employee,High,9000001919
C01921,Citizen_1921,F,1988-05-17,Government Employee,Middle,9000001920
C01922,Citizen_1922,M,1986-09-02,Unemployed,Middle,9000001921
C01923,Citizen_1923,F,1962-12-14,Retired,Low,9000001922
C01924,Citizen_1924,M,2005-05-10,Government Employee,High,9000001923
C01925,Citizen_1925,F,1971-06-26,Government Employee,Middle,9000001924
C01926,Citizen_1926,F,1985-03-18,Farmer,Middle,9000001925
C01927,Citizen_1927,F,1963-08-27,Retired,Middle,9000001926
C01928,Citizen_1928,M,1985-06-15,Student,Middle,9000001927
C01929,Citizen_1929,M,1983-07-06,Government Employee,High,9000001928
C01930,Citizen_1930,M,2006-01-20,Farmer,High,9000001929
C01931,Citizen_1931,F,2009-06-04,Farmer,Middle,9000001930
C01932,Citizen_1932,F,2006-01-22,Agricultural Labour,Low,9000001931
C01933,Citizen_1933,M,1965-02-15,Unemployed,Low,9000001932
C01934,Citizen_1934,M,1969-06-26,Business Owner,High,9000001933
C01935,Citizen_1935,F,2003-07-02,Private Employee,Low,9000001934
C01936,Citizen_1936,M,1985-12-20,Student,Low,9000001935
C01937,Citizen_1937,F,1977-12-03,Private Employee,Low,9000001936
C01938,Citizen_1938,M,2002-03-06,Retired,Middle,9000001937
C01939,Citizen_1939,F,1963-01-06,Unemployed,High,9000001938
C01940,Citizen_1940,M,1965-06-04,Student,Low,9000001939
C01941,Citizen_1941,M,1982-11-22,Business Owner,Middle,9000001940
C01942,Citizen_1942,F,1962-08-10,Farmer,Middle,9000001941
C01943,Citizen_1943,M,2008-08-23,Government Employee,Low,9000001942
C01944,Citizen_1944,F,1998-09-02,Student,High,9000001943
C01945,Citizen_1945,F,2001-01-08,Agricultural Labour,Low,9000001944
C01946,Citizen_1946,M,1985-05-22,Government Employee,Middle,9000001945
C01947,Citizen_1947,M,1973-12-19,Agricultural Labour,Low,9000001946
C01948,Citizen_1948,F,1982-03-02,Government Employee,Middle,9000001947
C01949,Citizen_1949,M,1992-10-23,Business Owner,Low,9000001948
C01950,Citizen_1950,M,1994-05-21,Agricultural Labour,Low,9000001949
C01951,Citizen_1951,F,1999-10-06,Student,Middle,9000001950
C01952,Citizen_1952,M,1983-11-19,Student,Low,9000001951
C01953,Citizen_1953,M,1983-07-03,Farmer,Low,9000001952
C01954,Citizen_1954,F,1991-10-19,Farmer,High,9000001953
C01955,Citizen_1955,M,1985-10-14,Farmer,Low,9000001954
C01956,Citizen_1956,F,2005-08-16,Business Owner,Low,9000001955
C01957,Citizen_1957,M,1990-09-09,Private Employee,High,9000001956
C01958,Citizen_1958,M,2002-04-19,Business Owner,Middle,9000001957
C01959,Citizen_1959,F,1974-01-01,Unemployed,Middle,9000001958
C01960,Citizen_1960,F,1984-03-11,Student,Low,9000001959
C01961,Citizen_1961,M,1970-11-12,Farmer,Low,9000001960
C01962,Citizen_1962,F,1973-07-11,Business Owner,Low,9000001961
C01963,Citizen_1963,F,1971-05-04,Retired,High,9000001962
C01964,Citizen_1964,F,1971-10-02,Private Employee,High,9000001963
C01965,Citizen_1965,M,1974-04-10,Student,Low,9000001964
C01966,Citizen_1966,M,1960-12-26,Farmer,High,9000001965
C01967,Citizen_1967,M,2001-07-27,Farmer,Middle,9000001966
C01968,Citizen_1968,M,1960-11-25,Unemployed,High,9000001967
C01969,Citizen_1969,F,1975-01-05,Agricultural Labour,Low,9000001968
C01970,Citizen_1970,F,1985-08-08,Private Employee,High,9000001969
C01971,Citizen_1971,M,1978-11-11,Retired,Middle,9000001970
C01972,Citizen_1972,F,1980-10-28,Private Employee,Low,9000001971
C01973,Citizen_1973,M,1997-12-19,Unemployed,Middle,9000001972
C01974,Citizen_1974,M,1985-01-08,Government Employee,Middle,9000001973
C01975,Citizen_1975,M,1960-12-05,Retired,Middle,9000001974
C01976,Citizen_1976,F,1993-03-03,Business Owner,Middle,9000001975
C01977,Citizen_1977,F,1961-12-20,Private Employee,Low,9000001976
C01978,Citizen_1978,F,1967-02-26,Student,Low,9000001977
C01979,Citizen_1979,M,2005-09-01,Private Employee,Low,9000001978
C01980,Citizen_1980,F,2004-03-04,Private Employee,Low,9000001979
C01981,Citizen_1981,F,1993-02-17,Retired,High,9000001980
C01982,Citizen_1982,M,2003-06-19,Agricultural Labour,Middle,9000001981
C01983,Citizen_1983,M,2009-02-17,Unemployed,Low,9000001982
C01984,Citizen_1984,F,1981-09-18,Agricultural Labour,High,9000001983
C01985,Citizen_1985,F,1996-12-15,Retired,Low,9000001984
C01986,Citizen_1986,M,1984-09-17,Farmer,High,9000001985
C01987,Citizen_1987,M,2008-06-08,Retired,High,9000001986
C01988,Citizen_1988,M,1964-09-13,Private Employee,High,9000001987
C01989,Citizen_1989,F,1971-09-09,Student,Middle,9000001988
C01990,Citizen_1990,M,2002-02-17,Private Employee,Low,9000001989
C01991,Citizen_1991,F,1970-01-02,Private Employee,High,9000001990
C01992,Citizen_1992,M,1999-05-18,Private Employee,High,9000001991
C01993,Citizen_1993,M,1968-11-05,Farmer,Middle,9000001992
C01994,Citizen_1994,M,1977-05-16,Business Owner,High,9000001993
C01995,Citizen_1995,M,2006-03-24,Agricultural Labour,Low,9000001994
C01996,Citizen_1996,F,1983-10-20,Government Employee,High,9000001995
C01997,Citizen_1997,M,2003-03-24,Farmer,Low,9000001996
C01998,Citizen_1998,M,2000-04-02,Business Owner,High,9000001997
C01999,Citizen_1999,M,1974-03-05,Retired,Middle,9000001998
C02000,Citizen_2000,F,1968-12-04,Government Employee,Middle,9000001999
C02001,Citizen_2001,M,1962-03-17,Agricultural Labour,Middle,9000002000
C02002,Citizen_2002,F,1963-07-09,Unemployed,Low,9000002001
C02003,Citizen_2003,M,2003-01-12,Government Employee,Middle,9000002002
C02004,Citizen_2004,F,1989-06-13,Agricultural Labour,High,9000002003
C02005,Citizen_2005,M,1968-02-22,Farmer,High,9000002004
C02006,Citizen_2006,M,1998-02-14,Agricultural Labour,Middle,9000002005
C02007,Citizen_2007,F,1984-10-02,Private Employee,High,9000002006
C02008,Citizen_2008,M,1967-01-09,Government Employee,High,9000002007
C02009,Citizen_2009,F,1964-10-13,Unemployed,Low,9000002008
C02010,Citizen_2010,M,1996-02-26,Government Employee,Low,9000002009
C02011,Citizen_2011,F,1991-01-17,Farmer,Middle,9000002010
C02012,Citizen_2012,F,1995-06-27,Unemployed,Middle,9000002011
C02013,Citizen_2013,F,2008-01-13,Government Employee,High,9000002012
C02014,Citizen_2014,F,1969-02-19,Unemployed,Middle,9000002013
C02015,Citizen_2015,F,1963-05-19,Business Owner,Middle,9000002014
C02016,Citizen_2016,F,2001-01-15,Unemployed,Middle,9000002015
C02017,Citizen_2017,M,2003-05-20,Government Employee,High,9000002016
C02018,Citizen_2018,M,1996-07-12,Farmer,Middle,9000002017
C02019,Citizen_2019,F,1970-08-07,Private Employee,Low,9000002018
C02020,Citizen_2020,F,1968-07-27,Agricultural Labour,Low,9000002019
C02021,Citizen_2021,F,1969-05-07,Unemployed,High,9000002020
C02022,Citizen_2022,M,2007-06-21,Student,Middle,9000002021
C02023,Citizen_2023,M,1966-11-17,Farmer,High,9000002022
C02024,Citizen_2024,F,1998-11-20,Agricultural Labour,High,9000002023
C02025,Citizen_2025,F,1969-11-08,Business Owner,High,9000002024
C02026,Citizen_2026,M,2002-10-19,Unemployed,Middle,9000002025
C02027,Citizen_2027,M,1972-09-11,Government Employee,Low,9000002026
C02028,Citizen_2028,F,1989-03-12,Farmer,Middle,9000002027
C02029,Citizen_2029,M,1974-04-09,Government Employee,Low,9000002028
C02030,Citizen_2030,M,1964-02-23,Student,High,9000002029
C02031,Citizen_2031,F,1985-01-12,Business Owner,Middle,9000002030
C02032,Citizen_2032,F,2009-12-13,Business Owner,Middle,9000002031
C02033,Citizen_2033,F,2010-08-13,Business Owner,High,9000002032
C02034,Citizen_2034,F,1972-06-08,Unemployed,Middle,9000002033
C02035,Citizen_2035,F,1977-07-13,Unemployed,Low,9000002034
C02036,Citizen_2036,F,1973-05-05,Agricultural Labour,Low,9000002035
C02037,Citizen_2037,F,1978-06-01,Farmer,High,9000002036
C02038,Citizen_2038,F,1999-05-17,Agricultural Labour,Middle,9000002037
C02039,Citizen_2039,M,2008-07-20,Private Employee,Middle,9000002038
C02040,Citizen_2040,F,1996-07-13,Business Owner,Middle,9000002039
C02041,Citizen_2041,M,1967-04-01,Retired,Middle,9000002040
C02042,Citizen_2042,M,1975-06-25,Agricultural Labour,Middle,9000002041
C02043,Citizen_2043,M,1984-02-27,Business Owner,Low,9000002042
C02044,Citizen_2044,F,2001-09-19,Government Employee,Low,9000002043
C02045,Citizen_2045,M,1986-02-10,Student,Middle,9000002044
C02046,Citizen_2046,M,2005-01-15,Unemployed,Low,9000002045
C02047,Citizen_2047,F,1974-02-22,Farmer,Low,9000002046
C02048,Citizen_2048,M,1991-09-27,Student,Low,9000002047
C02049,Citizen_2049,M,1967-02-12,Retired,Low,9000002048
C02050,Citizen_2050,F,1980-03-07,Student,High,9000002049
C02051,Citizen_2051,F,2007-03-14,Retired,Middle,9000002050
C02052,Citizen_2052,F,2003-11-22,Retired,Low,9000002051
C02053,Citizen_2053,M,1991-04-21,Private Employee,High,9000002052
C02054,Citizen_2054,M,2004-09-14,Student,High,9000002053
C02055,Citizen_2055,M,1974-08-15,Retired,Low,9000002054
C02056,Citizen_2056,F,1985-11-11,Unemployed,Low,9000002055
C02057,Citizen_2057,M,1989-01-04,Business Owner,Low,9000002056
C02058,Citizen_2058,M,2008-11-23,Student,Low,9000002057
C02059,Citizen_2059,F,1994-02-01,Student,Middle,9000002058
C02060,Citizen_2060,M,1962-01-05,Retired,High,9000002059
C02061,Citizen_2061,M,2006-03-03,Business Owner,Low,9000002060
C02062,Citizen_2062,F,1989-11-28,Government Employee,Low,9000002061
C02063,Citizen_2063,F,1961-10-10,Government Employee,High,9000002062
C02064,Citizen_2064,M,2009-04-25,Unemployed,High,9000002063
C02065,Citizen_2065,M,1991-03-02,Government Employee,Low,9000002064
C02066,Citizen_2066,M,1984-10-12,Student,High,9000002065
C02067,Citizen_2067,M,1993-07-06,Farmer,High,9000002066
C02068,Citizen_2068,M,1996-12-21,Retired,Low,9000002067
C02069,Citizen_2069,F,1968-12-12,Student,High,9000002068
C02070,Citizen_2070,M,1975-03-06,Private Employee,High,9000002069
C02071,Citizen_2071,F,1974-12-20,Government Employee,High,9000002070
C02072,Citizen_2072,M,1960-05-12,Retired,High,9000002071
C02073,Citizen_2073,M,2010-06-08,Private Employee,Low,9000002072
C02074,Citizen_2074,F,1987-02-17,Student,Low,9000002073
C02075,Citizen_2075,F,1985-02-02,Retired,Low,9000002074
C02076,Citizen_2076,M,1984-10-16,Agricultural Labour,High,9000002075
C02077,Citizen_2077,M,1972-07-02,Agricultural Labour,Low,9000002076
C02078,Citizen_2078,F,1967-03-13,Agricultural Labour,Middle,9000002077
C02079,Citizen_2079,M,1995-11-18,Private Employee,High,9000002078
C02080,Citizen_2080,M,1991-11-26,Unemployed,High,9000002079
C02081,Citizen_2081,F,1994-05-25,Unemployed,Middle,9000002080
C02082,Citizen_2082,M,1980-08-25,Business Owner,Low,9000002081
C02083,Citizen_2083,M,1973-04-23,Private Employee,Low,9000002082
C02084,Citizen_2084,M,2005-09-01,Agricultural Labour,High,9000002083
C02085,Citizen_2085,F,1976-03-12,Private Employee,High,9000002084
C02086,Citizen_2086,M,1971-12-12,Unemployed,Low,9000002085
C02087,Citizen_2087,F,1971-10-11,Government Employee,Middle,9000002086
C02088,Citizen_2088,M,1984-04-27,Retired,Low,9000002087
C02089,Citizen_2089,M,2001-02-18,Farmer,Middle,9000002088
C02090,Citizen_2090,F,2003-08-09,Agricultural Labour,Low,9000002089
C02091,Citizen_2091,M,1991-11-11,Government Employee,High,9000002090
C02092,Citizen_2092,F,2009-02-21,Student,Low,9000002091
C02093,Citizen_2093,M,2002-02-08,Unemployed,Low,9000002092
C02094,Citizen_2094,F,2002-01-17,Business Owner,High,9000002093
C02095,Citizen_2095,F,1974-10-27,Retired,High,9000002094
C02096,Citizen_2096,F,1984-02-11,Business Owner,Middle,9000002095
C02097,Citizen_2097,M,1983-06-09,Agricultural Labour,Low,9000002096
C02098,Citizen_2098,M,1983-02-14,Business Owner,Low,9000002097
C02099,Citizen_2099,M,1996-11-11,Student,Middle,9000002098
C02100,Citizen_2100,F,1961-10-22,Agricultural Labour,High,9000002099
C02101,Citizen_2101,F,1997-04-19,Student,Middle,9000002100
C02102,Citizen_2102,F,1982-03-02,Retired,Low,9000002101
C02103,Citizen_2103,M,1961-05-06,Unemployed,Low,9000002102
C02104,Citizen_2104,M,1964-10-28,Retired,Low,9000002103
C02105,Citizen_2105,M,2006-11-03,Private Employee,Middle,9000002104
C02106,Citizen_2106,M,1972-10-08,Unemployed,High,9000002105
C02107,Citizen_2107,F,1989-09-19,Retired,Middle,9000002106
C02108,Citizen_2108,M,1996-09-16,Government Employee,Low,9000002107
C02109,Citizen_2109,M,1987-08-16,Government Employee,Low,9000002108
C02110,Citizen_2110,M,1968-08-21,Unemployed,High,9000002109
C02111,Citizen_2111,M,1989-06-23,Retired,High,9000002110
C02112,Citizen_2112,F,1982-04-27,Government Employee,High,9000002111
C02113,Citizen_2113,F,1972-02-20,Agricultural Labour,High,9000002112
C02114,Citizen_2114,F,1981-05-07,Farmer,High,9000002113
C02115,Citizen_2115,F,1971-04-04,Private Employee,Low,9000002114
C02116,Citizen_2116,M,1967-10-03,Student,Low,9000002115
C02117,Citizen_2117,F,1991-07-09,Business Owner,High,9000002116
C02118,Citizen_2118,F,1978-08-01,Farmer,Low,9000002117
C02119,Citizen_2119,M,1986-09-15,Unemployed,Middle,9000002118
C02120,Citizen_2120,F,1994-11-25,Unemployed,Middle,9000002119
C02121,Citizen_2121,F,1979-10-15,Retired,Middle,9000002120
C02122,Citizen_2122,M,1986-04-13,Student,Middle,9000002121
C02123,Citizen_2123,M,1976-06-02,Farmer,Middle,9000002122
C02124,Citizen_2124,M,1982-06-23,Government Employee,Middle,9000002123
C02125,Citizen_2125,M,1962-10-24,Unemployed,Middle,9000002124
C02126,Citizen_2126,F,1999-03-15,Retired,Low,9000002125
C02127,Citizen_2127,M,2000-10-21,Student,Low,9000002126
C02128,Citizen_2128,F,1974-06-07,Farmer,High,9000002127
C02129,Citizen_2129,F,1997-08-24,Farmer,Low,9000002128
C02130,Citizen_2130,F,1982-02-06,Private Employee,Middle,9000002129
C02131,Citizen_2131,F,2003-04-14,Business Owner,Low,9000002130
C02132,Citizen_2132,M,1980-10-10,Student,High,9000002131
C02133,Citizen_2133,F,1982-05-14,Unemployed,Low,9000002132
C02134,Citizen_2134,F,1981-05-28,Business Owner,High,9000002133
C02135,Citizen_2135,M,1979-12-09,Agricultural Labour,Middle,9000002134
C02136,Citizen_2136,M,1985-10-20,Government Employee,High,9000002135
C02137,Citizen_2137,M,2005-05-09,Retired,Middle,9000002136
C02138,Citizen_2138,M,1996-05-14,Business Owner,Low,9000002137
C02139,Citizen_2139,M,1969-04-02,Student,High,9000002138
C02140,Citizen_2140,F,1968-10-24,Retired,High,9000002139
C02141,Citizen_2141,M,1996-11-27,Business Owner,Low,9000002140
C02142,Citizen_2142,M,1970-02-01,Retired,Low,9000002141
C02143,Citizen_2143,M,2004-03-04,Retired,Low,9000002142
C02144,Citizen_2144,F,1980-05-28,Student,Low,9000002143
C02145,Citizen_2145,F,2000-12-26,Unemployed,Middle,9000002144
C02146,Citizen_2146,F,1990-10-05,Private Employee,Low,9000002145
C02147,Citizen_2147,M,1960-01-10,Business Owner,High,9000002146
C02148,Citizen_2148,F,1979-07-03,Private Employee,High,9000002147
C02149,Citizen_2149,M,1996-01-27,Farmer,Low,9000002148
C02150,Citizen_2150,F,1966-03-25,Agricultural Labour,Low,9000002149
C02151,Citizen_2151,F,1981-07-28,Student,High,9000002150
C02152,Citizen_2152,F,1972-06-19,Student,High,9000002151
C02153,Citizen_2153,F,1960-09-14,Agricultural Labour,High,9000002152
C02154,Citizen_2154,M,1964-05-23,Student,High,9000002153
C02155,Citizen_2155,F,1972-05-23,Student,Middle,9000002154
C02156,Citizen_2156,F,1974-02-03,Government Employee,High,9000002155
C02157,Citizen_2157,F,1963-04-10,Private Employee,Low,9000002156
C02158,Citizen_2158,F,1970-11-24,Private Employee,Low,9000002157
C02159,Citizen_2159,M,1972-05-15,Business Owner,Low,9000002158
C02160,Citizen_2160,F,1986-04-21,Agricultural Labour,Low,9000002159
C02161,Citizen_2161,F,1974-11-15,Unemployed,High,9000002160
C02162,Citizen_2162,F,2010-09-27,Farmer,Low,9000002161
C02163,Citizen_2163,F,2005-12-05,Business Owner,Middle,9000002162
C02164,Citizen_2164,M,1969-11-03,Retired,Middle,9000002163
C02165,Citizen_2165,F,1964-08-09,Government Employee,Low,9000002164
C02166,Citizen_2166,F,1973-06-02,Private Employee,Low,9000002165
C02167,Citizen_2167,F,1963-03-06,Business Owner,Middle,9000002166
C02168,Citizen_2168,F,1981-03-15,Student,High,9000002167
C02169,Citizen_2169,M,1972-04-05,Private Employee,High,9000002168
C02170,Citizen_2170,M,1960-03-01,Private Employee,Middle,9000002169
C02171,Citizen_2171,F,1996-02-07,Government Employee,Low,9000002170
C02172,Citizen_2172,M,1961-04-07,Business Owner,Middle,9000002171
C02173,Citizen_2173,F,1988-02-24,Agricultural Labour,High,9000002172
C02174,Citizen_2174,F,2010-08-12,Farmer,Middle,9000002173
C02175,Citizen_2175,F,1969-08-20,Student,Middle,9000002174
C02176,Citizen_2176,M,2007-01-06,Business Owner,High,9000002175
C02177,Citizen_2177,F,1973-01-03,Private Employee,Low,9000002176
C02178,Citizen_2178,F,1991-03-08,Farmer,Low,9000002177
C02179,Citizen_2179,F,2005-03-02,Private Employee,High,9000002178
C02180,Citizen_2180,F,1989-02-26,Farmer,Low,9000002179
C02181,Citizen_2181,F,2005-03-06,Private Employee,Middle,9000002180
C02182,Citizen_2182,M,1983-01-15,Unemployed,Middle,9000002181
C02183,Citizen_2183,F,2006-02-27,Retired,High,9000002182
C02184,Citizen_2184,F,1980-05-14,Agricultural Labour,High,9000002183
C02185,Citizen_2185,M,1976-01-13,Student,High,9000002184
C02186,Citizen_2186,M,1994-08-05,Retired,High,9000002185
C02187,Citizen_2187,M,1981-09-28,Agricultural Labour,Low,9000002186
C02188,Citizen_2188,M,1980-10-02,Student,Middle,9000002187
C02189,Citizen_2189,F,2008-09-10,Business Owner,High,9000002188
C02190,Citizen_2190,M,1975-08-08,Government Employee,Middle,9000002189
C02191,Citizen_2191,M,2010-03-04,Private Employee,Low,9000002190
C02192,Citizen_2192,M,1963-02-17,Retired,High,9000002191
C02193,Citizen_2193,M,1975-12-12,Unemployed,High,9000002192
C02194,Citizen_2194,M,2002-02-15,Farmer,Middle,9000002193
C02195,Citizen_2195,F,2004-01-26,Government Employee,High,9000002194
C02196,Citizen_2196,M,1982-02-19,Business Owner,High,9000002195
C02197,Citizen_2197,F,1971-10-11,Agricultural Labour,Middle,9000002196
C02198,Citizen_2198,M,1971-03-05,Retired,Middle,9000002197
C02199,Citizen_2199,F,1975-04-18,Retired,Low,9000002198
C02200,Citizen_2200,M,1961-06-28,Business Owner,Low,9000002199
C02201,Citizen_2201,M,1967-07-06,Unemployed,High,9000002200
C02202,Citizen_2202,F,2003-05-19,Unemployed,Low,9000002201
C02203,Citizen_2203,M,2007-12-01,Government Employee,Low,9000002202
C02204,Citizen_2204,F,1978-05-15,Farmer,Middle,9000002203
C02205,Citizen_2205,F,1992-10-19,Student,Low,9000002204
C02206,Citizen_2206,F,1989-01-26,Private Employee,Low,9000002205
C02207,Citizen_2207,F,1999-11-13,Student,Low,9000002206
C02208,Citizen_2208,F,1972-11-15,Retired,Middle,9000002207
C02209,Citizen_2209,M,1985-07-21,Government Employee,Low,9000002208
C02210,Citizen_2210,F,1986-04-09,Private Employee,Middle,9000002209
C02211,Citizen_2211,F,1990-06-26,Private Employee,Low,9000002210
C02212,Citizen_2212,F,1996-03-01,Unemployed,Low,9000002211
C02213,Citizen_2213,F,1982-09-03,Private Employee,High,9000002212
C02214,Citizen_2214,M,1961-11-12,Private Employee,Low,9000002213
C02215,Citizen_2215,F,1967-02-11,Unemployed,Low,9000002214
C02216,Citizen_2216,M,1969-10-11,Student,High,9000002215
C02217,Citizen_2217,F,1974-07-08,Retired,High,9000002216
C02218,Citizen_2218,M,2001-07-06,Business Owner,High,9000002217
C02219,Citizen_2219,M,1962-07-13,Agricultural Labour,Middle,9000002218
C02220,Citizen_2220,F,1999-09-01,Student,Low,9000002219
C02221,Citizen_2221,M,1973-12-04,Government Employee,High,9000002220
C02222,Citizen_2222,M,1962-05-19,Government Employee,High,9000002221
C02223,Citizen_2223,M,1964-11-03,Private Employee,Low,9000002222
C02224,Citizen_2224,M,1971-02-12,Business Owner,High,9000002223
C02225,Citizen_2225,M,2005-06-18,Private Employee,Middle,9000002224
C02226,Citizen_2226,F,1994-08-13,Business Owner,Low,9000002225
C02227,Citizen_2227,M,2008-10-04,Student,Middle,9000002226
C02228,Citizen_2228,M,1984-05-10,Private Employee,High,9000002227
C02229,Citizen_2229,M,1962-07-06,Retired,Middle,9000002228
C02230,Citizen_2230,F,1975-06-17,Student,High,9000002229
C02231,Citizen_2231,F,2000-07-10,Unemployed,High,9000002230
C02232,Citizen_2232,F,2009-12-04,Unemployed,High,9000002231
C02233,Citizen_2233,M,1973-05-22,Private Employee,Low,9000002232
C02234,Citizen_2234,M,2005-07-26,Private Employee,Low,9000002233
C02235,Citizen_2235,M,1972-03-01,Business Owner,High,9000002234
C02236,Citizen_2236,M,1962-05-06,Business Owner,High,9000002235
C02237,Citizen_2237,M,2010-02-10,Retired,High,9000002236
C02238,Citizen_2238,M,1965-08-28,Retired,Low,9000002237
C02239,Citizen_2239,F,1997-10-20,Business Owner,High,9000002238
C02240,Citizen_2240,M,2001-03-17,Government Employee,Low,9000002239
C02241,Citizen_2241,M,1963-04-14,Unemployed,Middle,9000002240
C02242,Citizen_2242,M,2007-12-24,Private Employee,High,9000002241
C02243,Citizen_2243,M,1963-01-12,Government Employee,High,9000002242
C02244,Citizen_2244,M,1994-06-07,Unemployed,Low,9000002243
C02245,Citizen_2245,M,1960-06-21,Farmer,Middle,9000002244
C02246,Citizen_2246,M,1977-04-17,Government Employee,High,9000002245
C02247,Citizen_2247,M,1982-09-23,Private Employee,Middle,9000002246
C02248,Citizen_2248,M,2002-10-25,Farmer,Low,9000002247
C02249,Citizen_2249,F,1985-09-23,Unemployed,Low,9000002248
C02250,Citizen_2250,F,2008-07-08,Government Employee,Low,9000002249
C02251,Citizen_2251,M,1992-10-13,Government Employee,Low,9000002250
C02252,Citizen_2252,F,1986-12-03,Student,High,9000002251
C02253,Citizen_2253,M,2000-09-26,Unemployed,Low,9000002252
C02254,Citizen_2254,F,1989-02-08,Unemployed,High,9000002253
C02255,Citizen_2255,F,2009-02-01,Agricultural Labour,Low,9000002254
C02256,Citizen_2256,M,2002-09-26,Private Employee,Low,9000002255
C02257,Citizen_2257,M,2005-10-05,Agricultural Labour,High,9000002256
C02258,Citizen_2258,M,1982-03-15,Agricultural Labour,High,9000002257
C02259,Citizen_2259,F,1980-12-25,Farmer,Middle,9000002258
C02260,Citizen_2260,F,1991-07-04,Farmer,Middle,9000002259
C02261,Citizen_2261,F,1997-03-01,Agricultural Labour,High,9000002260
C02262,Citizen_2262,F,1975-02-20,Private Employee,Middle,9000002261
C02263,Citizen_2263,F,1986-02-15,Agricultural Labour,Middle,9000002262
C02264,Citizen_2264,F,1997-09-21,Government Employee,High,9000002263
C02265,Citizen_2265,F,1982-11-16,Private Employee,High,9000002264
C02266,Citizen_2266,M,2005-12-05,Unemployed,Middle,9000002265
C02267,Citizen_2267,F,2004-07-18,Unemployed,Low,9000002266
C02268,Citizen_2268,F,1996-02-05,Student,Middle,9000002267
C02269,Citizen_2269,M,1979-10-17,Private Employee,Middle,9000002268
C02270,Citizen_2270,F,1974-10-09,Unemployed,High,9000002269
C02271,Citizen_2271,M,2008-08-24,Business Owner,Low,9000002270
C02272,Citizen_2272,M,1988-05-21,Retired,Low,9000002271
C02273,Citizen_2273,F,1987-10-10,Agricultural Labour,Middle,9000002272
C02274,Citizen_2274,F,1991-01-18,Farmer,High,9000002273
C02275,Citizen_2275,F,1979-11-22,Retired,Middle,9000002274
C02276,Citizen_2276,F,2003-10-28,Business Owner,Middle,9000002275
C02277,Citizen_2277,F,1964-09-07,Business Owner,Low,9000002276
C02278,Citizen_2278,F,1989-04-10,Retired,High,9000002277
C02279,Citizen_2279,F,1973-07-24,Agricultural Labour,Middle,9000002278
C02280,Citizen_2280,F,2009-10-18,Farmer,Middle,9000002279
C02281,Citizen_2281,F,1980-01-26,Private Employee,High,9000002280
C02282,Citizen_2282,F,1960-06-06,Agricultural Labour,Low,9000002281
C02283,Citizen_2283,M,1985-03-15,Farmer,Middle,9000002282
C02284,Citizen_2284,F,1978-09-20,Farmer,Low,9000002283
C02285,Citizen_2285,M,1977-09-27,Business Owner,Middle,9000002284
C02286,Citizen_2286,M,2009-04-01,Government Employee,High,9000002285
C02287,Citizen_2287,M,1981-08-10,Government Employee,High,9000002286
C02288,Citizen_2288,F,1976-12-04,Student,Middle,9000002287
C02289,Citizen_2289,M,1960-03-15,Student,Low,9000002288
C02290,Citizen_2290,M,1960-04-02,Student,High,9000002289
C02291,Citizen_2291,F,2008-11-13,Agricultural Labour,High,9000002290
C02292,Citizen_2292,F,2001-04-01,Student,Middle,9000002291
C02293,Citizen_2293,F,1966-09-09,Government Employee,Middle,9000002292
C02294,Citizen_2294,F,1987-08-19,Farmer,High,9000002293
C02295,Citizen_2295,F,2006-01-21,Agricultural Labour,High,9000002294
C02296,Citizen_2296,F,1970-07-21,Farmer,Low,9000002295
C02297,Citizen_2297,M,2000-04-14,Student,High,9000002296
C02298,Citizen_2298,M,1963-04-09,Business Owner,Middle,9000002297
C02299,Citizen_2299,F,1968-10-20,Farmer,Middle,9000002298
C02300,Citizen_2300,F,1977-11-11,Unemployed,High,9000002299
C02301,Citizen_2301,F,1983-03-10,Farmer,Middle,9000002300
C02302,Citizen_2302,M,2010-03-04,Student,Middle,9000002301
C02303,Citizen_2303,F,1990-03-11,Unemployed,Low,9000002302
C02304,Citizen_2304,M,1971-02-20,Farmer,Middle,9000002303
C02305,Citizen_2305,M,1973-11-21,Business Owner,Middle,9000002304
C02306,Citizen_2306,M,1976-08-10,Retired,Middle,9000002305
C02307,Citizen_2307,F,1994-05-22,Student,Middle,9000002306
C02308,Citizen_2308,M,1998-07-11,Private Employee,Low,9000002307
C02309,Citizen_2309,M,1994-04-11,Farmer,Middle,9000002308
C02310,Citizen_2310,M,1968-05-11,Student,Low,9000002309
C02311,Citizen_2311,M,1970-12-27,Farmer,Low,9000002310
C02312,Citizen_2312,M,1985-03-22,Private Employee,Low,9000002311
C02313,Citizen_2313,M,2005-08-08,Private Employee,High,9000002312
C02314,Citizen_2314,F,1991-03-14,Business Owner,High,9000002313
C02315,Citizen_2315,M,1999-06-18,Student,High,9000002314
C02316,Citizen_2316,F,1995-06-06,Private Employee,High,9000002315
C02317,Citizen_2317,F,1970-11-27,Student,Low,9000002316
C02318,Citizen_2318,F,1966-07-04,Student,Middle,9000002317
C02319,Citizen_2319,F,1999-02-15,Agricultural Labour,Low,9000002318
C02320,Citizen_2320,F,1963-09-28,Farmer,Middle,9000002319
C02321,Citizen_2321,F,1998-02-09,Retired,Middle,9000002320
C02322,Citizen_2322,F,1977-08-08,Student,High,9000002321
C02323,Citizen_2323,M,1982-03-10,Retired,High,9000002322
C02324,Citizen_2324,F,1967-08-04,Student,High,9000002323
C02325,Citizen_2325,F,2004-10-15,Government Employee,Middle,9000002324
C02326,Citizen_2326,F,1998-04-02,Student,Low,9000002325
C02327,Citizen_2327,F,1992-09-01,Government Employee,Low,9000002326
C02328,Citizen_2328,M,1993-04-14,Agricultural Labour,Low,9000002327
C02329,Citizen_2329,M,1975-11-17,Private Employee,Middle,9000002328
C02330,Citizen_2330,M,1992-08-17,Private Employee,High,9000002329
C02331,Citizen_2331,M,1982-03-16,Retired,Low,9000002330
C02332,Citizen_2332,M,1978-09-14,Private Employee,Middle,9000002331
C02333,Citizen_2333,M,1980-03-04,Retired,High,9000002332
C02334,Citizen_2334,F,1986-06-27,Government Employee,Middle,9000002333
C02335,Citizen_2335,M,1990-09-02,Agricultural Labour,High,9000002334
C02336,Citizen_2336,M,1982-07-22,Retired,Low,9000002335
C02337,Citizen_2337,F,1977-07-16,Agricultural Labour,High,9000002336
C02338,Citizen_2338,F,1988-12-13,Private Employee,High,9000002337
C02339,Citizen_2339,F,1997-02-10,Government Employee,Low,9000002338
C02340,Citizen_2340,F,1968-10-20,Business Owner,Middle,9000002339
C02341,Citizen_2341,F,1976-06-02,Farmer,High,9000002340
C02342,Citizen_2342,M,1967-01-18,Student,Middle,9000002341
C02343,Citizen_2343,M,1996-01-18,Government Employee,High,9000002342
C02344,Citizen_2344,F,1970-02-23,Agricultural Labour,High,9000002343
C02345,Citizen_2345,F,2002-09-10,Business Owner,Low,9000002344
C02346,Citizen_2346,F,1984-05-24,Business Owner,High,9000002345
C02347,Citizen_2347,F,1997-06-15,Private Employee,High,9000002346
C02348,Citizen_2348,F,2009-08-11,Student,High,9000002347
C02349,Citizen_2349,M,1993-12-04,Farmer,Low,9000002348
C02350,Citizen_2350,M,1964-08-24,Retired,High,9000002349
C02351,Citizen_2351,M,1968-05-17,Government Employee,High,9000002350
C02352,Citizen_2352,F,1965-08-01,Student,High,9000002351
C02353,Citizen_2353,F,1976-06-26,Agricultural Labour,Middle,9000002352
C02354,Citizen_2354,M,1987-08-25,Private Employee,High,9000002353
C02355,Citizen_2355,F,1993-02-03,Private Employee,High,9000002354
C02356,Citizen_2356,M,2000-01-07,Student,Middle,9000002355
C02357,Citizen_2357,M,2009-02-19,Government Employee,High,9000002356
C02358,Citizen_2358,F,1994-02-09,Student,High,9000002357
C02359,Citizen_2359,M,1961-12-26,Private Employee,Low,9000002358
C02360,Citizen_2360,F,1989-10-02,Student,Middle,9000002359
C02361,Citizen_2361,M,1995-07-14,Government Employee,Low,9000002360
C02362,Citizen_2362,F,1965-11-27,Student,High,9000002361
C02363,Citizen_2363,M,2008-12-15,Farmer,High,9000002362
C02364,Citizen_2364,F,1972-03-22,Unemployed,Low,9000002363
C02365,Citizen_2365,M,1967-10-08,Agricultural Labour,Low,9000002364
C02366,Citizen_2366,M,1994-03-28,Retired,Middle,9000002365
C02367,Citizen_2367,M,2001-06-12,Agricultural Labour,Low,9000002366
C02368,Citizen_2368,F,1962-10-02,Student,High,9000002367
C02369,Citizen_2369,M,1992-12-04,Farmer,Middle,9000002368
C02370,Citizen_2370,F,1963-03-10,Government Employee,High,9000002369
C02371,Citizen_2371,F,1973-07-03,Student,High,9000002370
C02372,Citizen_2372,F,1973-07-25,Unemployed,Low,9000002371
C02373,Citizen_2373,F,1965-04-23,Student,High,9000002372
C02374,Citizen_2374,F,1996-04-07,Student,Low,9000002373
C02375,Citizen_2375,M,2005-01-21,Student,High,9000002374
C02376,Citizen_2376,F,2008-07-03,Student,High,9000002375
C02377,Citizen_2377,F,1988-11-08,Agricultural Labour,High,9000002376
C02378,Citizen_2378,F,1984-07-08,Retired,High,9000002377
C02379,Citizen_2379,M,1982-06-26,Agricultural Labour,Low,9000002378
C02380,Citizen_2380,F,1978-04-13,Farmer,High,9000002379
C02381,Citizen_2381,M,1992-04-16,Retired,Low,9000002380
C02382,Citizen_2382,F,1961-03-18,Unemployed,High,9000002381
C02383,Citizen_2383,F,1986-01-11,Government Employee,Middle,9000002382
C02384,Citizen_2384,M,1993-02-13,Business Owner,Middle,9000002383
C02385,Citizen_2385,M,2005-11-14,Agricultural Labour,Low,9000002384
C02386,Citizen_2386,M,1999-12-15,Student,High,9000002385
C02387,Citizen_2387,M,1981-09-28,Business Owner,Middle,9000002386
C02388,Citizen_2388,F,1962-06-04,Farmer,Low,9000002387
C02389,Citizen_2389,M,1968-08-07,Farmer,Middle,9000002388
C02390,Citizen_2390,M,1991-07-07,Unemployed,Low,9000002389
C02391,Citizen_2391,M,1976-11-09,Business Owner,Middle,9000002390
C02392,Citizen_2392,M,1993-10-08,Student,Low,9000002391
C02393,Citizen_2393,M,1996-07-19,Farmer,Middle,9000002392
C02394,Citizen_2394,F,1985-05-23,Farmer,High,9000002393
C02395,Citizen_2395,M,1971-09-18,Business Owner,High,9000002394
C02396,Citizen_2396,F,2008-05-28,Student,Middle,9000002395
C02397,Citizen_2397,M,2005-04-27,Student,High,9000002396
C02398,Citizen_2398,F,1968-08-04,Retired,Middle,9000002397
C02399,Citizen_2399,M,1961-11-14,Agricultural Labour,Low,9000002398
C02400,Citizen_2400,F,1977-12-25,Farmer,Low,9000002399
C02401,Citizen_2401,F,1973-10-17,Agricultural Labour,High,9000002400
C02402,Citizen_2402,F,1973-09-16,Retired,High,9000002401
C02403,Citizen_2403,F,1992-04-24,Government Employee,Low,9000002402
C02404,Citizen_2404,F,1978-08-15,Farmer,Middle,9000002403
C02405,Citizen_2405,M,1974-12-01,Farmer,High,9000002404
C02406,Citizen_2406,M,1982-04-17,Unemployed,Low,9000002405
C02407,Citizen_2407,M,1994-03-13,Private Employee,Middle,9000002406
C02408,Citizen_2408,F,2010-03-02,Business Owner,Low,9000002407
C02409,Citizen_2409,M,1974-02-20,Farmer,High,9000002408
C02410,Citizen_2410,F,1988-08-05,Farmer,Middle,9000002409
C02411,Citizen_2411,F,1964-01-02,Retired,High,9000002410
C02412,Citizen_2412,F,1966-10-07,Private Employee,Middle,9000002411
C02413,Citizen_2413,F,2009-04-27,Agricultural Labour,Low,9000002412
C02414,Citizen_2414,F,2005-10-10,Agricultural Labour,High,9000002413
C02415,Citizen_2415,M,1969-05-18,Retired,Low,9000002414
C02416,Citizen_2416,F,1969-12-13,Business Owner,High,9000002415
C02417,Citizen_2417,F,1973-03-06,Student,Low,9000002416
C02418,Citizen_2418,F,1979-03-06,Business Owner,Low,9000002417
C02419,Citizen_2419,F,2004-11-22,Government Employee,Low,9000002418
C02420,Citizen_2420,F,1966-02-18,Farmer,Low,9000002419
C02421,Citizen_2421,M,1979-07-17,Unemployed,Low,9000002420
C02422,Citizen_2422,F,1973-01-16,Farmer,Low,9000002421
C02423,Citizen_2423,F,1988-12-21,Private Employee,Low,9000002422
C02424,Citizen_2424,M,2009-01-02,Student,Low,9000002423
C02425,Citizen_2425,F,1986-12-05,Agricultural Labour,High,9000002424
C02426,Citizen_2426,F,1972-07-18,Farmer,Low,9000002425
C02427,Citizen_2427,F,1989-08-20,Student,Low,9000002426
C02428,Citizen_2428,M,1966-08-08,Private Employee,Middle,9000002427
C02429,Citizen_2429,M,1961-08-07,Retired,Low,9000002428
C02430,Citizen_2430,M,2008-01-21,Retired,Low,9000002429
C02431,Citizen_2431,M,1965-02-07,Unemployed,High,9000002430
C02432,Citizen_2432,M,2007-09-16,Agricultural Labour,High,9000002431
C02433,Citizen_2433,F,1991-03-06,Agricultural Labour,Low,9000002432
C02434,Citizen_2434,F,1980-12-25,Business Owner,High,9000002433
C02435,Citizen_2435,F,2010-02-16,Agricultural Labour,High,9000002434
C02436,Citizen_2436,M,1995-02-16,Farmer,Middle,9000002435
C02437,Citizen_2437,F,1979-04-14,Farmer,Low,9000002436
C02438,Citizen_2438,M,2008-05-10,Private Employee,Low,9000002437
C02439,Citizen_2439,F,1969-02-21,Unemployed,Low,9000002438
C02440,Citizen_2440,M,1981-03-07,Business Owner,Low,9000002439
C02441,Citizen_2441,M,2006-11-24,Farmer,High,9000002440
C02442,Citizen_2442,F,1979-12-27,Retired,Middle,9000002441
C02443,Citizen_2443,M,1984-10-01,Government Employee,High,9000002442
C02444,Citizen_2444,M,1986-11-21,Student,Middle,9000002443
C02445,Citizen_2445,M,1974-03-16,Unemployed,Low,9000002444
C02446,Citizen_2446,F,1998-05-24,Farmer,High,9000002445
C02447,Citizen_2447,M,1977-06-27,Student,High,9000002446
C02448,Citizen_2448,F,1967-07-02,Private Employee,Low,9000002447
C02449,Citizen_2449,M,1996-11-04,Student,High,9000002448
C02450,Citizen_2450,M,1970-07-18,Unemployed,High,9000002449
C02451,Citizen_2451,F,2006-10-26,Unemployed,Middle,9000002450
C02452,Citizen_2452,F,1995-07-26,Unemployed,Low,9000002451
C02453,Citizen_2453,M,1989-07-02,Farmer,High,9000002452
C02454,Citizen_2454,F,1979-08-09,Farmer,High,9000002453
C02455,Citizen_2455,M,1988-11-18,Agricultural Labour,High,9000002454
C02456,Citizen_2456,M,1996-01-16,Business Owner,High,9000002455
C02457,Citizen_2457,M,1965-07-10,Farmer,Low,9000002456
C02458,Citizen_2458,F,1996-12-24,Government Employee,Middle,9000002457
C02459,Citizen_2459,M,1972-06-08,Business Owner,High,9000002458
C02460,Citizen_2460,F,1992-07-09,Retired,Low,9000002459
C02461,Citizen_2461,M,1967-04-19,Unemployed,Middle,9000002460
C02462,Citizen_2462,F,1987-03-05,Farmer,Low,9000002461
C02463,Citizen_2463,M,1970-04-24,Retired,High,9000002462
C02464,Citizen_2464,M,1960-06-11,Farmer,Low,9000002463
C02465,Citizen_2465,M,1960-01-01,Farmer,High,9000002464
C02466,Citizen_2466,F,1975-05-24,Unemployed,Middle,9000002465
C02467,Citizen_2467,M,1997-02-20,Farmer,Low,9000002466
C02468,Citizen_2468,M,1967-05-04,Unemployed,Low,9000002467
C02469,Citizen_2469,M,1997-02-13,Private Employee,Low,9000002468
C02470,Citizen_2470,M,2003-08-07,Retired,High,9000002469
C02471,Citizen_2471,F,2007-12-20,Farmer,Middle,9000002470
C02472,Citizen_2472,M,1994-12-11,Business Owner,High,9000002471
C02473,Citizen_2473,M,1995-07-16,Business Owner,Middle,9000002472
C02474,Citizen_2474,M,1962-01-01,Business Owner,High,9000002473
C02475,Citizen_2475,M,1975-07-04,Agricultural Labour,High,9000002474
C02476,Citizen_2476,M,1988-02-04,Agricultural Labour,Middle,9000002475
C02477,Citizen_2477,M,2002-10-18,Student,High,9000002476
C02478,Citizen_2478,F,1981-09-05,Business Owner,Low,9000002477
C02479,Citizen_2479,M,1972-11-09,Farmer,Low,9000002478
C02480,Citizen_2480,F,1973-06-25,Government Employee,Middle,9000002479
C02481,Citizen_2481,F,1986-01-15,Student,Middle,9000002480
C02482,Citizen_2482,F,1978-10-23,Business Owner,Middle,9000002481
C02483,Citizen_2483,F,1988-03-23,Farmer,Low,9000002482
C02484,Citizen_2484,M,1995-03-09,Farmer,Low,9000002483
C02485,Citizen_2485,M,2004-09-05,Private Employee,High,9000002484
C02486,Citizen_2486,M,1992-08-20,Business Owner,Low,9000002485
C02487,Citizen_2487,M,1985-03-02,Student,High,9000002486
C02488,Citizen_2488,M,1991-05-23,Student,Low,9000002487
C02489,Citizen_2489,F,1974-06-21,Government Employee,Middle,9000002488
C02490,Citizen_2490,F,1970-04-12,Retired,Low,9000002489
C02491,Citizen_2491,M,1978-02-06,Agricultural Labour,High,9000002490
C02492,Citizen_2492,M,1995-12-11,Agricultural Labour,High,9000002491
C02493,Citizen_2493,M,2003-07-03,Private Employee,High,9000002492
C02494,Citizen_2494,F,1982-10-01,Business Owner,High,9000002493
C02495,Citizen_2495,F,1967-01-02,Retired,High,9000002494
C02496,Citizen_2496,M,1974-01-09,Unemployed,Middle,9000002495
C02497,Citizen_2497,M,1963-02-05,Government Employee,High,9000002496
C02498,Citizen_2498,M,1989-02-01,Agricultural Labour,High,9000002497
C02499,Citizen_2499,M,1972-03-19,Unemployed,Low,9000002498
C02500,Citizen_2500,F,1965-03-01,Business Owner,High,9000002499
C02501,Citizen_2501,F,1960-08-24,Unemployed,Middle,9000002500
C02502,Citizen_2502,F,1974-12-25,Business Owner,Middle,9000002501
C02503,Citizen_2503,F,2006-01-10,Private Employee,Low,9000002502
C02504,Citizen_2504,F,1986-04-28,Business Owner,Middle,9000002503
C02505,Citizen_2505,M,1966-10-03,Student,Low,9000002504
C02506,Citizen_2506,M,1983-08-24,Government Employee,High,9000002505
C02507,Citizen_2507,F,1991-03-09,Government Employee,Middle,9000002506
C02508,Citizen_2508,F,1965-08-14,Private Employee,Low,9000002507
C02509,Citizen_2509,F,2008-02-24,Private Employee,Middle,9000002508
C02510,Citizen_2510,M,1985-08-01,Unemployed,Middle,9000002509
C02511,Citizen_2511,F,1982-12-26,Unemployed,Low,9000002510
C02512,Citizen_2512,M,1977-02-20,Retired,Middle,9000002511
C02513,Citizen_2513,F,1992-05-26,Business Owner,Middle,9000002512
C02514,Citizen_2514,F,1965-11-06,Farmer,High,9000002513
C02515,Citizen_2515,M,1983-01-02,Unemployed,Low,9000002514
C02516,Citizen_2516,F,1992-10-16,Business Owner,Low,9000002515
C02517,Citizen_2517,M,1975-06-28,Business Owner,Low,9000002516
C02518,Citizen_2518,F,1963-05-24,Unemployed,High,9000002517
C02519,Citizen_2519,F,1995-03-04,Private Employee,Low,9000002518
C02520,Citizen_2520,F,2010-11-14,Business Owner,High,9000002519
C02521,Citizen_2521,F,1970-06-09,Private Employee,Low,9000002520
C02522,Citizen_2522,F,2002-12-09,Business Owner,High,9000002521
C02523,Citizen_2523,M,2009-02-04,Retired,Low,9000002522
C02524,Citizen_2524,M,1993-03-15,Government Employee,Low,9000002523
C02525,Citizen_2525,F,1974-05-08,Student,High,9000002524
C02526,Citizen_2526,F,1992-09-26,Private Employee,High,9000002525
C02527,Citizen_2527,M,1993-09-09,Unemployed,High,9000002526
C02528,Citizen_2528,M,1985-07-09,Farmer,Middle,9000002527
C02529,Citizen_2529,M,1966-01-06,Agricultural Labour,Low,9000002528
C02530,Citizen_2530,F,1979-04-22,Business Owner,Low,9000002529
C02531,Citizen_2531,M,1975-01-04,Unemployed,Low,9000002530
C02532,Citizen_2532,F,1999-12-17,Unemployed,Low,9000002531
C02533,Citizen_2533,M,1991-03-04,Unemployed,Low,9000002532
C02534,Citizen_2534,M,1972-03-02,Government Employee,Low,9000002533
C02535,Citizen_2535,F,1995-10-20,Farmer,Low,9000002534
C02536,Citizen_2536,M,1977-01-01,Government Employee,Middle,9000002535
C02537,Citizen_2537,F,1967-04-04,Retired,High,9000002536
C02538,Citizen_2538,M,1997-08-25,Unemployed,Low,9000002537
C02539,Citizen_2539,M,2000-07-05,Student,High,9000002538
C02540,Citizen_2540,M,2006-09-09,Agricultural Labour,High,9000002539
C02541,Citizen_2541,F,2000-08-27,Student,Middle,9000002540
C02542,Citizen_2542,M,2000-02-03,Government Employee,Middle,9000002541
C02543,Citizen_2543,F,1974-06-17,Private Employee,High,9000002542
C02544,Citizen_2544,M,1961-08-06,Retired,High,9000002543
C02545,Citizen_2545,M,1990-03-25,Retired,High,9000002544
C02546,Citizen_2546,M,2005-04-15,Agricultural Labour,Middle,9000002545
C02547,Citizen_2547,M,1987-01-18,Agricultural Labour,High,9000002546
C02548,Citizen_2548,F,1969-03-07,Unemployed,Middle,9000002547
C02549,Citizen_2549,F,1991-02-18,Government Employee,Middle,9000002548
C02550,Citizen_2550,F,1974-01-15,Unemployed,High,9000002549
C02551,Citizen_2551,M,1960-03-26,Business Owner,High,9000002550
C02552,Citizen_2552,M,2003-12-23,Student,Middle,9000002551
C02553,Citizen_2553,F,1992-01-01,Private Employee,High,9000002552
C02554,Citizen_2554,F,2002-05-07,Private Employee,Low,9000002553
C02555,Citizen_2555,F,1971-03-27,Agricultural Labour,Middle,9000002554
C02556,Citizen_2556,M,2010-07-20,Unemployed,High,9000002555
C02557,Citizen_2557,F,1989-05-13,Retired,Low,9000002556
C02558,Citizen_2558,F,1988-11-22,Student,Low,9000002557
C02559,Citizen_2559,F,1999-12-04,Government Employee,High,9000002558
C02560,Citizen_2560,F,2004-12-05,Agricultural Labour,Middle,9000002559
C02561,Citizen_2561,M,2007-02-27,Unemployed,Middle,9000002560
C02562,Citizen_2562,M,1984-02-01,Retired,Low,9000002561
C02563,Citizen_2563,M,1972-06-02,Business Owner,Low,9000002562
C02564,Citizen_2564,F,1973-12-24,Agricultural Labour,High,9000002563
C02565,Citizen_2565,M,1996-03-10,Business Owner,High,9000002564
C02566,Citizen_2566,M,1974-01-01,Business Owner,Low,9000002565
C02567,Citizen_2567,F,1998-02-27,Farmer,Middle,9000002566
C02568,Citizen_2568,M,1962-03-04,Student,Low,9000002567
C02569,Citizen_2569,F,1990-12-12,Unemployed,High,9000002568
C02570,Citizen_2570,F,1985-12-26,Government Employee,Low,9000002569
C02571,Citizen_2571,F,1974-05-18,Agricultural Labour,Low,9000002570
C02572,Citizen_2572,M,1980-01-27,Agricultural Labour,Middle,9000002571
C02573,Citizen_2573,F,1986-05-25,Private Employee,Middle,9000002572
C02574,Citizen_2574,F,1967-06-16,Government Employee,High,9000002573
C02575,Citizen_2575,F,1980-12-25,Agricultural Labour,Low,9000002574
C02576,Citizen_2576,M,1988-08-11,Agricultural Labour,Low,9000002575
C02577,Citizen_2577,M,1997-06-25,Retired,High,9000002576
C02578,Citizen_2578,M,1981-06-09,Private Employee,Middle,9000002577
C02579,Citizen_2579,M,2008-11-26,Retired,Low,9000002578
C02580,Citizen_2580,M,2006-07-01,Private Employee,Middle,9000002579
C02581,Citizen_2581,F,1987-12-27,Student,Middle,9000002580
C02582,Citizen_2582,F,2009-08-15,Private Employee,Low,9000002581
C02583,Citizen_2583,F,1964-08-04,Farmer,Middle,9000002582
C02584,Citizen_2584,M,1963-09-15,Agricultural Labour,Middle,9000002583
C02585,Citizen_2585,F,1976-11-16,Government Employee,Middle,9000002584
C02586,Citizen_2586,M,1973-02-16,Student,Middle,9000002585
C02587,Citizen_2587,M,1993-01-25,Private Employee,Middle,9000002586
C02588,Citizen_2588,F,1964-05-17,Student,High,9000002587
C02589,Citizen_2589,F,2002-03-13,Farmer,Low,9000002588
C02590,Citizen_2590,M,1981-05-25,Unemployed,High,9000002589
C02591,Citizen_2591,F,1969-08-06,Business Owner,Low,9000002590
C02592,Citizen_2592,F,1986-07-09,Private Employee,Low,9000002591
C02593,Citizen_2593,F,2001-07-22,Government Employee,Low,9000002592
C02594,Citizen_2594,F,1964-12-07,Student,Low,9000002593
C02595,Citizen_2595,F,1990-07-23,Private Employee,Middle,9000002594
C02596,Citizen_2596,M,1973-09-14,Retired,High,9000002595
C02597,Citizen_2597,M,1986-11-23,Farmer,Middle,9000002596
C02598,Citizen_2598,F,1997-11-08,Private Employee,Low,9000002597
C02599,Citizen_2599,F,2009-06-25,Government Employee,Middle,9000002598
C02600,Citizen_2600,M,1982-01-22,Private Employee,Middle,9000002599
C02601,Citizen_2601,M,1996-07-24,Agricultural Labour,Middle,9000002600
C02602,Citizen_2602,F,1987-05-25,Farmer,Middle,9000002601
C02603,Citizen_2603,M,2003-11-24,Student,Middle,9000002602
C02604,Citizen_2604,F,1963-12-16,Retired,Middle,9000002603
C02605,Citizen_2605,F,1982-05-06,Unemployed,Low,9000002604
C02606,Citizen_2606,M,1975-09-09,Private Employee,Low,9000002605
C02607,Citizen_2607,F,1973-07-24,Private Employee,Middle,9000002606
C02608,Citizen_2608,M,1971-01-23,Private Employee,Low,9000002607
C02609,Citizen_2609,M,1990-02-04,Agricultural Labour,Middle,9000002608
C02610,Citizen_2610,F,2001-08-14,Agricultural Labour,Middle,9000002609
C02611,Citizen_2611,M,1987-03-02,Business Owner,Low,9000002610
C02612,Citizen_2612,F,1967-05-09,Unemployed,High,9000002611
C02613,Citizen_2613,M,1962-06-06,Agricultural Labour,Middle,9000002612
C02614,Citizen_2614,M,1973-10-28,Private Employee,Low,9000002613
C02615,Citizen_2615,M,1971-12-14,Farmer,Low,9000002614
C02616,Citizen_2616,F,1971-11-13,Business Owner,Middle,9000002615
C02617,Citizen_2617,M,1963-07-18,Farmer,Low,9000002616
C02618,Citizen_2618,F,1989-01-07,Agricultural Labour,Middle,9000002617
C02619,Citizen_2619,M,1988-01-11,Farmer,Low,9000002618
C02620,Citizen_2620,F,1997-04-07,Private Employee,Middle,9000002619
C02621,Citizen_2621,F,1971-05-09,Unemployed,High,9000002620
C02622,Citizen_2622,M,1967-08-06,Business Owner,Middle,9000002621
C02623,Citizen_2623,F,1975-09-01,Government Employee,High,9000002622
C02624,Citizen_2624,M,2007-07-25,Student,Middle,9000002623
C02625,Citizen_2625,M,1970-06-20,Student,Low,9000002624
C02626,Citizen_2626,M,2007-10-08,Private Employee,Middle,9000002625
C02627,Citizen_2627,M,2008-08-06,Agricultural Labour,Low,9000002626
C02628,Citizen_2628,M,1984-04-12,Farmer,Middle,9000002627
C02629,Citizen_2629,F,1963-03-27,Unemployed,High,9000002628
C02630,Citizen_2630,F,1988-07-21,Student,Low,9000002629
C02631,Citizen_2631,F,1970-09-21,Business Owner,Middle,9000002630
C02632,Citizen_2632,M,1997-08-09,Student,Low,9000002631
C02633,Citizen_2633,F,2006-01-17,Unemployed,Middle,9000002632
C02634,Citizen_2634,M,1986-12-16,Student,Middle,9000002633
C02635,Citizen_2635,M,1970-01-18,Farmer,High,9000002634
C02636,Citizen_2636,M,1996-03-20,Farmer,Low,9000002635
C02637,Citizen_2637,M,2009-02-12,Business Owner,Low,9000002636
C02638,Citizen_2638,M,1977-05-18,Farmer,High,9000002637
C02639,Citizen_2639,M,1971-03-12,Government Employee,Low,9000002638
C02640,Citizen_2640,M,1971-01-06,Government Employee,Middle,9000002639
C02641,Citizen_2641,M,1962-03-26,Student,High,9000002640
C02642,Citizen_2642,F,1982-01-04,Government Employee,Middle,9000002641
C02643,Citizen_2643,F,1981-12-22,Farmer,Low,9000002642
C02644,Citizen_2644,F,1997-09-27,Business Owner,High,9000002643
C02645,Citizen_2645,M,1999-04-25,Government Employee,Low,9000002644
C02646,Citizen_2646,M,1978-04-13,Private Employee,High,9000002645
C02647,Citizen_2647,F,1968-01-26,Farmer,Middle,9000002646
C02648,Citizen_2648,M,1967-03-27,Business Owner,Middle,9000002647
C02649,Citizen_2649,M,1970-10-02,Retired,Middle,9000002648
C02650,Citizen_2650,F,1980-10-20,Private Employee,Low,9000002649
C02651,Citizen_2651,M,1969-04-16,Unemployed,Low,9000002650
C02652,Citizen_2652,M,1990-08-10,Student,Middle,9000002651
C02653,Citizen_2653,M,1964-01-13,Private Employee,High,9000002652
C02654,Citizen_2654,F,2001-02-19,Government Employee,Middle,9000002653
C02655,Citizen_2655,F,1999-02-19,Private Employee,Low,9000002654
C02656,Citizen_2656,F,1988-02-23,Government Employee,Low,9000002655
C02657,Citizen_2657,F,1983-04-24,Unemployed,Low,9000002656
C02658,Citizen_2658,F,1977-08-11,Private Employee,High,9000002657
C02659,Citizen_2659,F,1976-07-04,Private Employee,High,9000002658
C02660,Citizen_2660,M,1999-07-04,Retired,Low,9000002659
C02661,Citizen_2661,M,1960-10-19,Private Employee,High,9000002660
C02662,Citizen_2662,F,1980-03-09,Farmer,Low,9000002661
C02663,Citizen_2663,M,2005-02-03,Student,High,9000002662
C02664,Citizen_2664,M,1981-06-01,Student,Low,9000002663
C02665,Citizen_2665,F,1973-12-25,Private Employee,Low,9000002664
C02666,Citizen_2666,M,1979-04-22,Farmer,High,9000002665
C02667,Citizen_2667,F,1991-10-15,Private Employee,Middle,9000002666
C02668,Citizen_2668,F,1998-03-12,Business Owner,Low,9000002667
C02669,Citizen_2669,M,1965-09-18,Government Employee,High,9000002668
C02670,Citizen_2670,F,2000-11-11,Agricultural Labour,High,9000002669
C02671,Citizen_2671,M,2007-01-10,Retired,Middle,9000002670
C02672,Citizen_2672,M,1987-08-21,Unemployed,High,9000002671
C02673,Citizen_2673,M,1973-04-25,Private Employee,High,9000002672
C02674,Citizen_2674,F,1982-02-12,Farmer,Low,9000002673
C02675,Citizen_2675,F,1989-12-18,Business Owner,Middle,9000002674
C02676,Citizen_2676,F,1963-09-11,Student,High,9000002675
C02677,Citizen_2677,M,2007-09-06,Student,High,9000002676
C02678,Citizen_2678,F,2005-08-05,Unemployed,Low,9000002677
C02679,Citizen_2679,M,2007-09-09,Unemployed,Middle,9000002678
C02680,Citizen_2680,M,2002-10-25,Private Employee,Middle,9000002679
C02681,Citizen_2681,F,1973-11-28,Student,High,9000002680
C02682,Citizen_2682,F,1965-10-13,Private Employee,High,9000002681
C02683,Citizen_2683,M,1971-03-28,Student,Low,9000002682
C02684,Citizen_2684,M,1994-03-12,Unemployed,Low,9000002683
C02685,Citizen_2685,F,1988-03-18,Unemployed,Low,9000002684
C02686,Citizen_2686,F,1971-11-01,Agricultural Labour,Low,9000002685
C02687,Citizen_2687,M,1975-05-03,Business Owner,High,9000002686
C02688,Citizen_2688,M,1998-01-26,Farmer,High,9000002687
C02689,Citizen_2689,F,1985-03-27,Retired,Low,9000002688
C02690,Citizen_2690,M,1986-07-01,Business Owner,Middle,9000002689
C02691,Citizen_2691,M,1997-06-14,Government Employee,Low,9000002690
C02692,Citizen_2692,M,1990-05-21,Farmer,Low,9000002691
C02693,Citizen_2693,M,1999-02-02,Agricultural Labour,High,9000002692
C02694,Citizen_2694,M,1975-06-25,Government Employee,High,9000002693
C02695,Citizen_2695,M,1968-03-10,Retired,Low,9000002694
C02696,Citizen_2696,M,1997-04-13,Farmer,High,9000002695
C02697,Citizen_2697,M,1986-01-17,Private Employee,Middle,9000002696
C02698,Citizen_2698,F,2002-01-11,Unemployed,Middle,9000002697
C02699,Citizen_2699,F,1967-11-24,Unemployed,Low,9000002698
C02700,Citizen_2700,F,1987-03-13,Business Owner,Low,9000002699
C02701,Citizen_2701,F,1960-01-19,Student,Low,9000002700
C02702,Citizen_2702,F,1971-04-09,Unemployed,Low,9000002701
C02703,Citizen_2703,F,1987-11-05,Government Employee,High,9000002702
C02704,Citizen_2704,M,1973-04-26,Unemployed,Low,9000002703
C02705,Citizen_2705,M,2001-10-09,Business Owner,High,9000002704
C02706,Citizen_2706,M,1987-05-05,Government Employee,High,9000002705
C02707,Citizen_2707,M,1984-06-09,Business Owner,Low,9000002706
C02708,Citizen_2708,M,1989-03-15,Retired,High,9000002707
C02709,Citizen_2709,F,1993-06-16,Unemployed,Low,9000002708
C02710,Citizen_2710,F,2004-04-26,Business Owner,High,9000002709
C02711,Citizen_2711,F,1971-10-02,Business Owner,Middle,9000002710
C02712,Citizen_2712,M,1990-06-28,Student,Low,9000002711
C02713,Citizen_2713,F,1961-02-27,Retired,High,9000002712
C02714,Citizen_2714,M,1971-05-23,Private Employee,Low,9000002713
C02715,Citizen_2715,M,1978-09-08,Retired,Middle,9000002714
C02716,Citizen_2716,F,2009-05-03,Retired,Low,9000002715
C02717,Citizen_2717,M,1977-06-14,Student,Low,9000002716
C02718,Citizen_2718,F,1996-05-15,Farmer,Low,9000002717
C02719,Citizen_2719,F,1978-09-12,Government Employee,Middle,9000002718
C02720,Citizen_2720,M,1986-09-19,Farmer,Middle,9000002719
C02721,Citizen_2721,F,1971-04-17,Unemployed,High,9000002720
C02722,Citizen_2722,F,1964-11-01,Farmer,High,9000002721
C02723,Citizen_2723,F,1974-09-28,Student,High,9000002722
C02724,Citizen_2724,F,1990-12-09,Private Employee,Low,9000002723
C02725,Citizen_2725,F,2006-05-08,Student,High,9000002724
C02726,Citizen_2726,M,1962-10-25,Government Employee,Middle,9000002725
C02727,Citizen_2727,M,1976-11-14,Farmer,Middle,9000002726
C02728,Citizen_2728,F,2001-11-14,Agricultural Labour,Middle,9000002727
C02729,Citizen_2729,M,1989-09-17,Business Owner,Middle,9000002728
C02730,Citizen_2730,M,1989-01-13,Unemployed,Low,9000002729
C02731,Citizen_2731,F,2001-06-14,Business Owner,Middle,9000002730
C02732,Citizen_2732,F,1968-11-13,Government Employee,Middle,9000002731
C02733,Citizen_2733,M,1983-11-10,Agricultural Labour,High,9000002732
C02734,Citizen_2734,F,1993-12-20,Farmer,Low,9000002733
C02735,Citizen_2735,M,1988-08-23,Private Employee,High,9000002734
C02736,Citizen_2736,M,1960-09-10,Student,Low,9000002735
C02737,Citizen_2737,F,2001-09-13,Farmer,Middle,9000002736
C02738,Citizen_2738,M,1983-07-25,Unemployed,Low,9000002737
C02739,Citizen_2739,F,1962-04-23,Government Employee,Middle,9000002738
C02740,Citizen_2740,F,1987-10-17,Government Employee,Low,9000002739
C02741,Citizen_2741,M,1985-08-21,Retired,High,9000002740
C02742,Citizen_2742,M,1961-07-16,Agricultural Labour,High,9000002741
C02743,Citizen_2743,M,1971-12-06,Unemployed,Middle,9000002742
C02744,Citizen_2744,F,1996-11-09,Agricultural Labour,High,9000002743
C02745,Citizen_2745,M,2009-09-15,Unemployed,Middle,9000002744
C02746,Citizen_2746,M,1992-06-22,Farmer,Middle,9000002745
C02747,Citizen_2747,F,2008-04-19,Unemployed,Low,9000002746
C02748,Citizen_2748,F,2003-03-23,Retired,Middle,9000002747
C02749,Citizen_2749,M,2007-06-26,Student,Low,9000002748
C02750,Citizen_2750,F,1996-03-05,Agricultural Labour,High,9000002749
C02751,Citizen_2751,F,1963-05-21,Unemployed,High,9000002750
C02752,Citizen_2752,M,1994-07-22,Retired,Low,9000002751
C02753,Citizen_2753,F,1985-04-06,Farmer,Low,9000002752
C02754,Citizen_2754,F,2008-03-19,Farmer,Middle,9000002753
C02755,Citizen_2755,M,1997-10-06,Agricultural Labour,High,9000002754
C02756,Citizen_2756,M,1991-02-18,Private Employee,Middle,9000002755
C02757,Citizen_2757,F,2009-04-25,Government Employee,Middle,9000002756
C02758,Citizen_2758,M,1989-12-01,Unemployed,Middle,9000002757
C02759,Citizen_2759,F,1970-07-19,Business Owner,Low,9000002758
C02760,Citizen_2760,M,1973-12-23,Government Employee,Low,9000002759
C02761,Citizen_2761,M,1980-05-22,Farmer,Low,9000002760
C02762,Citizen_2762,F,1982-10-20,Unemployed,Middle,9000002761
C02763,Citizen_2763,M,1984-10-06,Agricultural Labour,High,9000002762
C02764,Citizen_2764,F,1994-08-07,Farmer,Middle,9000002763
C02765,Citizen_2765,F,1998-09-06,Business Owner,Low,9000002764
C02766,Citizen_2766,F,2002-04-26,Farmer,High,9000002765
C02767,Citizen_2767,M,2010-12-22,Agricultural Labour,Middle,9000002766
C02768,Citizen_2768,M,1986-08-17,Farmer,Middle,9000002767
C02769,Citizen_2769,F,2001-05-22,Government Employee,High,9000002768
C02770,Citizen_2770,M,1981-11-17,Farmer,Low,9000002769
C02771,Citizen_2771,F,2001-05-25,Private Employee,High,9000002770
C02772,Citizen_2772,M,1981-01-07,Retired,Low,9000002771
C02773,Citizen_2773,M,1990-01-20,Private Employee,Middle,9000002772
C02774,Citizen_2774,F,1962-08-02,Government Employee,Low,9000002773
C02775,Citizen_2775,M,1993-11-28,Agricultural Labour,Middle,9000002774
C02776,Citizen_2776,M,1985-03-17,Private Employee,High,9000002775
C02777,Citizen_2777,F,1995-03-21,Business Owner,Middle,9000002776
C02778,Citizen_2778,F,2008-01-22,Farmer,Middle,9000002777
C02779,Citizen_2779,M,1993-09-22,Student,High,9000002778
C02780,Citizen_2780,M,2001-11-15,Business Owner,Low,9000002779
C02781,Citizen_2781,M,1986-09-01,Unemployed,High,9000002780
C02782,Citizen_2782,M,2006-10-13,Agricultural Labour,Low,9000002781
C02783,Citizen_2783,F,1985-07-05,Farmer,High,9000002782
C02784,Citizen_2784,M,1993-03-27,Farmer,Low,9000002783
C02785,Citizen_2785,M,1989-01-21,Private Employee,Middle,9000002784
C02786,Citizen_2786,M,2003-05-09,Business Owner,Low,9000002785
C02787,Citizen_2787,F,1998-07-21,Private Employee,High,9000002786
C02788,Citizen_2788,F,1981-09-22,Retired,Low,9000002787
C02789,Citizen_2789,M,1971-01-24,Business Owner,High,9000002788
C02790,Citizen_2790,M,1979-03-22,Student,Low,9000002789
C02791,Citizen_2791,F,1998-01-19,Agricultural Labour,Low,9000002790
C02792,Citizen_2792,M,1989-06-08,Farmer,Low,9000002791
C02793,Citizen_2793,F,1996-08-13,Farmer,Low,9000002792
C02794,Citizen_2794,F,2001-08-01,Private Employee,Middle,9000002793
C02795,Citizen_2795,M,1984-06-05,Business Owner,Low,9000002794
C02796,Citizen_2796,F,1982-04-23,Unemployed,Middle,9000002795
C02797,Citizen_2797,M,2004-09-27,Retired,Middle,9000002796
C02798,Citizen_2798,F,2003-01-08,Unemployed,High,9000002797
C02799,Citizen_2799,F,1992-09-05,Agricultural Labour,Middle,9000002798
C02800,Citizen_2800,F,1991-04-17,Student,Middle,9000002799
C02801,Citizen_2801,F,1986-03-07,Private Employee,Low,9000002800
C02802,Citizen_2802,F,1962-07-13,Retired,High,9000002801
C02803,Citizen_2803,F,1978-10-03,Private Employee,Middle,9000002802
C02804,Citizen_2804,F,1996-08-28,Private Employee,Low,9000002803
C02805,Citizen_2805,M,1976-03-20,Unemployed,Low,9000002804
C02806,Citizen_2806,M,1986-10-20,Private Employee,Low,9000002805
C02807,Citizen_2807,F,1986-07-03,Retired,High,9000002806
C02808,Citizen_2808,F,1971-04-12,Unemployed,High,9000002807
C02809,Citizen_2809,M,1997-12-20,Government Employee,Low,9000002808
C02810,Citizen_2810,F,2008-09-24,Retired,Middle,9000002809
C02811,Citizen_2811,F,2005-08-15,Private Employee,Middle,9000002810
C02812,Citizen_2812,F,1960-05-04,Government Employee,Middle,9000002811
C02813,Citizen_2813,M,1963-09-28,Business Owner,High,9000002812
C02814,Citizen_2814,M,1966-06-07,Government Employee,High,9000002813
C02815,Citizen_2815,M,1969-03-13,Farmer,Low,9000002814
C02816,Citizen_2816,M,1964-05-10,Farmer,High,9000002815
C02817,Citizen_2817,F,1985-03-27,Agricultural Labour,Middle,9000002816
C02818,Citizen_2818,M,1962-05-24,Agricultural Labour,Low,9000002817
C02819,Citizen_2819,F,1967-01-07,Retired,Middle,9000002818
C02820,Citizen_2820,M,2000-09-16,Private Employee,Low,9000002819
C02821,Citizen_2821,F,2001-06-27,Unemployed,Middle,9000002820
C02822,Citizen_2822,M,2007-11-23,Private Employee,Middle,9000002821
C02823,Citizen_2823,M,1981-10-23,Private Employee,Low,9000002822
C02824,Citizen_2824,M,1974-06-27,Government Employee,Low,9000002823
C02825,Citizen_2825,F,1987-07-20,Agricultural Labour,High,9000002824
C02826,Citizen_2826,F,1995-10-13,Private Employee,High,9000002825
C02827,Citizen_2827,M,2001-06-13,Private Employee,Low,9000002826
C02828,Citizen_2828,M,1990-11-12,Government Employee,High,9000002827
C02829,Citizen_2829,M,1988-10-14,Unemployed,Low,9000002828
C02830,Citizen_2830,F,1996-06-16,Private Employee,High,9000002829
C02831,Citizen_2831,F,1960-05-08,Business Owner,Middle,9000002830
C02832,Citizen_2832,F,1967-12-06,Student,Low,9000002831
C02833,Citizen_2833,M,2002-04-16,Student,Middle,9000002832
C02834,Citizen_2834,M,1960-01-16,Retired,Middle,9000002833
C02835,Citizen_2835,M,2001-03-03,Retired,Middle,9000002834
C02836,Citizen_2836,M,1974-07-03,Private Employee,Low,9000002835
C02837,Citizen_2837,M,2004-06-27,Agricultural Labour,High,9000002836
C02838,Citizen_2838,M,1993-08-07,Government Employee,Middle,9000002837
C02839,Citizen_2839,M,1972-05-24,Private Employee,Middle,9000002838
C02840,Citizen_2840,F,1977-08-10,Farmer,Middle,9000002839
C02841,Citizen_2841,F,1987-01-15,Unemployed,Low,9000002840
C02842,Citizen_2842,M,1980-02-01,Retired,Middle,9000002841
C02843,Citizen_2843,F,1964-10-03,Retired,High,9000002842
C02844,Citizen_2844,M,2004-09-28,Student,Low,9000002843
C02845,Citizen_2845,F,2004-04-22,Private Employee,High,9000002844
C02846,Citizen_2846,F,1965-05-12,Unemployed,Low,9000002845
C02847,Citizen_2847,F,1962-10-27,Agricultural Labour,High,9000002846
C02848,Citizen_2848,F,1992-01-12,Student,High,9000002847
C02849,Citizen_2849,M,2006-12-26,Agricultural Labour,Middle,9000002848
C02850,Citizen_2850,F,1976-05-23,Unemployed,High,9000002849
C02851,Citizen_2851,F,1975-10-22,Agricultural Labour,Middle,9000002850
C02852,Citizen_2852,M,2001-08-27,Retired,Low,9000002851
C02853,Citizen_2853,M,1978-01-19,Government Employee,Low,9000002852
C02854,Citizen_2854,F,1980-05-04,Business Owner,Low,9000002853
C02855,Citizen_2855,M,1998-12-18,Private Employee,Low,9000002854
C02856,Citizen_2856,M,1994-01-22,Government Employee,High,9000002855
C02857,Citizen_2857,F,1985-03-25,Farmer,Low,9000002856
C02858,Citizen_2858,F,1994-09-13,Business Owner,High,9000002857
C02859,Citizen_2859,M,2002-08-18,Farmer,Low,9000002858
C02860,Citizen_2860,F,1980-03-20,Student,Low,9000002859
C02861,Citizen_2861,F,1978-12-14,Government Employee,Low,9000002860
C02862,Citizen_2862,M,1981-12-14,Private Employee,Low,9000002861
C02863,Citizen_2863,M,1972-10-15,Business Owner,Middle,9000002862
C02864,Citizen_2864,M,1992-09-02,Unemployed,Middle,9000002863
C02865,Citizen_2865,M,1992-12-20,Retired,Low,9000002864
C02866,Citizen_2866,M,1962-11-23,Agricultural Labour,High,9000002865
C02867,Citizen_2867,M,1994-12-27,Business Owner,Low,9000002866
C02868,Citizen_2868,M,1965-04-22,Private Employee,Middle,9000002867
C02869,Citizen_2869,F,1966-02-11,Business Owner,High,9000002868
C02870,Citizen_2870,F,1995-01-11,Private Employee,Middle,9000002869
C02871,Citizen_2871,M,1971-11-04,Agricultural Labour,High,9000002870
C02872,Citizen_2872,F,1962-05-15,Private Employee,Low,9000002871
C02873,Citizen_2873,M,1980-04-20,Retired,High,9000002872
C02874,Citizen_2874,M,1990-08-09,Student,High,9000002873
C02875,Citizen_2875,F,1978-08-24,Farmer,High,9000002874
C02876,Citizen_2876,M,2000-04-03,Retired,Low,9000002875
C02877,Citizen_2877,F,1984-12-03,Student,High,9000002876
C02878,Citizen_2878,M,1996-05-14,Retired,Middle,9000002877
C02879,Citizen_2879,F,1968-07-06,Government Employee,Middle,9000002878
C02880,Citizen_2880,F,1960-06-08,Farmer,Low,9000002879
C02881,Citizen_2881,F,1964-12-18,Business Owner,Low,9000002880
C02882,Citizen_2882,M,1983-08-27,Retired,Low,9000002881
C02883,Citizen_2883,M,1984-09-13,Farmer,Middle,9000002882
C02884,Citizen_2884,M,1985-04-02,Unemployed,Middle,9000002883
C02885,Citizen_2885,M,1987-01-12,Farmer,Low,9000002884
C02886,Citizen_2886,M,2001-11-14,Business Owner,Low,9000002885
C02887,Citizen_2887,M,1960-04-19,Farmer,High,9000002886
C02888,Citizen_2888,M,1970-01-26,Government Employee,High,9000002887
C02889,Citizen_2889,M,1969-06-05,Farmer,High,9000002888
C02890,Citizen_2890,F,1981-03-23,Government Employee,Middle,9000002889
C02891,Citizen_2891,F,1996-08-23,Student,Low,9000002890
C02892,Citizen_2892,M,1996-11-27,Private Employee,Middle,9000002891
C02893,Citizen_2893,M,1963-10-23,Unemployed,Low,9000002892
C02894,Citizen_2894,M,1989-06-27,Retired,Middle,9000002893
C02895,Citizen_2895,F,1976-05-21,Private Employee,Low,9000002894
C02896,Citizen_2896,F,1978-12-18,Business Owner,High,9000002895
C02897,Citizen_2897,F,1981-04-17,Agricultural Labour,Low,9000002896
C02898,Citizen_2898,M,2000-09-04,Unemployed,Middle,9000002897
C02899,Citizen_2899,F,1993-04-10,Business Owner,Middle,9000002898
C02900,Citizen_2900,F,1985-03-28,Private Employee,High,9000002899
C02901,Citizen_2901,F,1969-02-16,Retired,Low,9000002900
C02902,Citizen_2902,F,2004-07-13,Farmer,Low,9000002901
C02903,Citizen_2903,F,1966-07-27,Private Employee,Middle,9000002902
C02904,Citizen_2904,F,1961-08-01,Business Owner,Middle,9000002903
C02905,Citizen_2905,M,2008-07-13,Farmer,Low,9000002904
C02906,Citizen_2906,M,1982-02-12,Student,Low,9000002905
C02907,Citizen_2907,M,1983-04-22,Farmer,Low,9000002906
C02908,Citizen_2908,F,1974-11-24,Agricultural Labour,Middle,9000002907
C02909,Citizen_2909,F,1966-06-14,Farmer,Middle,9000002908
C02910,Citizen_2910,F,1996-01-12,Private Employee,Low,9000002909
C02911,Citizen_2911,F,1979-02-07,Government Employee,High,9000002910
C02912,Citizen_2912,F,1979-08-19,Business Owner,Low,9000002911
C02913,Citizen_2913,F,1976-12-24,Student,Low,9000002912
C02914,Citizen_2914,M,2003-06-23,Retired,High,9000002913
C02915,Citizen_2915,M,1980-12-15,Agricultural Labour,High,9000002914
C02916,Citizen_2916,M,2008-11-17,Unemployed,Middle,9000002915
C02917,Citizen_2917,F,2005-07-19,Government Employee,Middle,9000002916
C02918,Citizen_2918,F,1984-02-18,Government Employee,Low,9000002917
C02919,Citizen_2919,F,2005-10-16,Business Owner,High,9000002918
C02920,Citizen_2920,F,1985-09-01,Student,High,9000002919
C02921,Citizen_2921,F,1963-03-08,Retired,Middle,9000002920
C02922,Citizen_2922,M,1994-05-08,Farmer,High,9000002921
C02923,Citizen_2923,M,1996-03-06,Farmer,High,9000002922
C02924,Citizen_2924,F,1987-08-08,Government Employee,Low,9000002923
C02925,Citizen_2925,M,2004-12-20,Retired,Low,9000002924
C02926,Citizen_2926,M,1973-10-28,Unemployed,Middle,9000002925
C02927,Citizen_2927,F,1962-03-28,Private Employee,Middle,9000002926
C02928,Citizen_2928,M,2008-03-27,Unemployed,Middle,9000002927
C02929,Citizen_2929,F,1999-10-21,Private Employee,Middle,9000002928
C02930,Citizen_2930,M,1988-08-08,Private Employee,Low,9000002929
C02931,Citizen_2931,F,2001-03-02,Private Employee,Low,9000002930
C02932,Citizen_2932,M,1961-10-04,Business Owner,High,9000002931
C02933,Citizen_2933,M,1964-07-20,Government Employee,Low,9000002932
C02934,Citizen_2934,M,1993-05-10,Private Employee,Low,9000002933
C02935,Citizen_2935,F,1991-11-03,Private Employee,High,9000002934
C02936,Citizen_2936,M,2003-08-11,Student,Low,9000002935
C02937,Citizen_2937,F,1977-12-11,Private Employee,Middle,9000002936
C02938,Citizen_2938,M,1988-06-14,Agricultural Labour,Low,9000002937
C02939,Citizen_2939,M,1967-01-01,Unemployed,Middle,9000002938
C02940,Citizen_2940,M,1973-11-05,Private Employee,Middle,9000002939
C02941,Citizen_2941,M,1968-08-15,Retired,Middle,9000002940
C02942,Citizen_2942,M,1973-02-14,Farmer,Middle,9000002941
C02943,Citizen_2943,F,1979-12-16,Farmer,Middle,9000002942
C02944,Citizen_2944,M,1973-09-12,Farmer,Low,9000002943
C02945,Citizen_2945,F,1962-06-20,Student,Low,9000002944
C02946,Citizen_2946,F,1968-11-10,Agricultural Labour,High,9000002945
C02947,Citizen_2947,M,2000-08-26,Business Owner,High,9000002946
C02948,Citizen_2948,M,1968-08-09,Farmer,High,9000002947
C02949,Citizen_2949,F,1990-06-17,Private Employee,Middle,9000002948
C02950,Citizen_2950,F,1986-03-12,Farmer,Middle,9000002949
C02951,Citizen_2951,M,1960-01-08,Unemployed,Low,9000002950
C02952,Citizen_2952,F,2000-07-26,Business Owner,Middle,9000002951
C02953,Citizen_2953,M,1978-10-15,Business Owner,Middle,9000002952
C02954,Citizen_2954,F,2001-10-07,Agricultural Labour,High,9000002953
C02955,Citizen_2955,M,1997-12-25,Retired,High,9000002954
C02956,Citizen_2956,F,1998-02-09,Unemployed,Low,9000002955
C02957,Citizen_2957,F,1980-01-28,Business Owner,High,9000002956
C02958,Citizen_2958,M,1969-07-25,Unemployed,Middle,9000002957
C02959,Citizen_2959,M,1968-03-24,Government Employee,High,9000002958
C02960,Citizen_2960,F,1984-02-05,Agricultural Labour,Low,9000002959
C02961,Citizen_2961,M,2002-02-11,Business Owner,High,9000002960
C02962,Citizen_2962,F,1974-05-01,Farmer,High,9000002961
C02963,Citizen_2963,M,1971-11-15,Unemployed,High,9000002962
C02964,Citizen_2964,M,1968-04-27,Business Owner,Middle,9000002963
C02965,Citizen_2965,F,1971-11-06,Student,Middle,9000002964
C02966,Citizen_2966,F,2007-09-23,Retired,Low,9000002965
C02967,Citizen_2967,M,1968-04-15,Retired,Low,9000002966
C02968,Citizen_2968,F,2002-09-28,Business Owner,Low,9000002967
C02969,Citizen_2969,F,1993-01-13,Agricultural Labour,High,9000002968
C02970,Citizen_2970,M,2004-12-09,Student,Middle,9000002969
C02971,Citizen_2971,F,1989-12-19,Business Owner,Middle,9000002970
C02972,Citizen_2972,M,2008-11-11,Unemployed,High,9000002971
C02973,Citizen_2973,F,1999-05-19,Unemployed,Low,9000002972
C02974,Citizen_2974,M,1960-10-28,Retired,Low,9000002973
C02975,Citizen_2975,M,1985-02-02,Farmer,High,9000002974
C02976,Citizen_2976,M,1986-02-13,Unemployed,Low,9000002975
C02977,Citizen_2977,M,1966-07-11,Student,Middle,9000002976
C02978,Citizen_2978,F,2003-09-14,Business Owner,Middle,9000002977
C02979,Citizen_2979,F,2002-09-13,Student,Middle,9000002978
C02980,Citizen_2980,F,1991-06-04,Private Employee,Middle,9000002979
C02981,Citizen_2981,F,1987-05-01,Farmer,Low,9000002980
C02982,Citizen_2982,F,1993-08-11,Unemployed,High,9000002981
C02983,Citizen_2983,M,1978-11-02,Student,Low,9000002982
C02984,Citizen_2984,F,1984-06-09,Student,Low,9000002983
C02985,Citizen_2985,M,1971-05-28,Business Owner,Middle,9000002984
C02986,Citizen_2986,M,2009-09-19,Retired,Middle,9000002985
C02987,Citizen_2987,M,1969-04-07,Unemployed,High,9000002986
C02988,Citizen_2988,F,1961-09-25,Government Employee,Middle,9000002987
C02989,Citizen_2989,F,1962-12-03,Retired,Low,9000002988
C02990,Citizen_2990,M,1986-04-02,Business Owner,Middle,9000002989
C02991,Citizen_2991,M,1973-09-21,Unemployed,Low,9000002990
C02992,Citizen_2992,M,1962-12-11,Farmer,High,9000002991
C02993,Citizen_2993,M,1961-10-25,Business Owner,High,9000002992
C02994,Citizen_2994,M,1973-05-22,Farmer,High,9000002993
C02995,Citizen_2995,F,2000-02-27,Retired,High,9000002994
C02996,Citizen_2996,F,1996-08-05,Business Owner,Middle,9000002995
C02997,Citizen_2997,M,1995-05-04,Government Employee,Middle,9000002996
C02998,Citizen_2998,F,1999-05-17,Farmer,Middle,9000002997
C02999,Citizen_2999,F,1962-08-07,Student,Middle,9000002998
C03000,Citizen_3000,F,1979-09-01,Student,Middle,9000002999
C03001,Citizen_3001,M,1996-05-22,Farmer,Middle,9000003000
C03002,Citizen_3002,M,1968-11-14,Farmer,Low,9000003001
C03003,Citizen_3003,F,1977-03-21,Farmer,Low,9000003002
C03004,Citizen_3004,M,1982-09-20,Private Employee,Middle,9000003003
C03005,Citizen_3005,F,1999-01-15,Government Employee,Middle,9000003004
C03006,Citizen_3006,M,1962-04-04,Retired,High,9000003005
C03007,Citizen_3007,F,1990-05-18,Unemployed,Middle,9000003006
C03008,Citizen_3008,F,1999-06-04,Business Owner,Low,9000003007
C03009,Citizen_3009,F,2007-05-22,Private Employee,Low,9000003008
C03010,Citizen_3010,M,1992-09-25,Private Employee,High,9000003009
C03011,Citizen_3011,F,2010-11-17,Unemployed,High,9000003010
C03012,Citizen_3012,F,1966-10-14,Private Employee,Low,9000003011
C03013,Citizen_3013,M,1970-07-01,Student,High,9000003012
C03014,Citizen_3014,F,2005-10-25,Business Owner,Low,9000003013
C03015,Citizen_3015,F,1986-08-10,Government Employee,Low,9000003014
C03016,Citizen_3016,F,1972-12-01,Unemployed,Middle,9000003015
C03017,Citizen_3017,M,1997-04-22,Agricultural Labour,Middle,9000003016
C03018,Citizen_3018,M,1993-02-15,Private Employee,Middle,9000003017
C03019,Citizen_3019,M,1984-06-27,Student,High,9000003018
C03020,Citizen_3020,F,1986-10-18,Farmer,Middle,9000003019
C03021,Citizen_3021,M,1975-03-15,Private Employee,Low,9000003020
C03022,Citizen_3022,F,1967-08-20,Farmer,Low,9000003021
C03023,Citizen_3023,M,1974-08-22,Farmer,Low,9000003022
C03024,Citizen_3024,F,1980-05-28,Retired,Low,9000003023
C03025,Citizen_3025,F,1989-08-19,Student,High,9000003024
C03026,Citizen_3026,F,1964-11-26,Retired,Middle,9000003025
C03027,Citizen_3027,F,1980-06-07,Agricultural Labour,High,9000003026
C03028,Citizen_3028,M,1988-12-07,Retired,High,9000003027
C03029,Citizen_3029,M,1982-10-03,Student,Middle,9000003028
C03030,Citizen_3030,M,1995-10-10,Student,High,9000003029
C03031,Citizen_3031,F,1970-07-27,Government Employee,High,9000003030
C03032,Citizen_3032,F,1995-09-15,Unemployed,Low,9000003031
C03033,Citizen_3033,M,1969-01-22,Retired,Middle,9000003032
C03034,Citizen_3034,M,1969-04-19,Unemployed,High,9000003033
C03035,Citizen_3035,M,1971-02-21,Farmer,High,9000003034
C03036,Citizen_3036,F,2007-02-18,Agricultural Labour,Low,9000003035
C03037,Citizen_3037,F,2001-02-17,Private Employee,Low,9000003036
C03038,Citizen_3038,F,1960-07-13,Farmer,Low,9000003037
C03039,Citizen_3039,M,1989-10-05,Government Employee,Middle,9000003038
C03040,Citizen_3040,M,1997-09-05,Unemployed,High,9000003039
C03041,Citizen_3041,M,1974-05-23,Unemployed,High,9000003040
C03042,Citizen_3042,F,1998-08-02,Government Employee,High,9000003041
C03043,Citizen_3043,F,1962-07-16,Student,Middle,9000003042
C03044,Citizen_3044,F,1993-12-28,Government Employee,Low,9000003043
C03045,Citizen_3045,F,1982-12-15,Farmer,Middle,9000003044
C03046,Citizen_3046,F,1975-12-04,Private Employee,High,9000003045
C03047,Citizen_3047,M,1966-06-11,Student,High,9000003046
C03048,Citizen_3048,M,2003-06-15,Farmer,Middle,9000003047
C03049,Citizen_3049,M,2001-02-17,Retired,High,9000003048
C03050,Citizen_3050,M,1993-05-23,Business Owner,Middle,9000003049
C03051,Citizen_3051,M,1979-06-17,Government Employee,Low,9000003050
C03052,Citizen_3052,M,1979-02-10,Retired,Low,9000003051
C03053,Citizen_3053,M,2008-03-08,Student,Low,9000003052
C03054,Citizen_3054,M,1985-09-15,Agricultural Labour,Middle,9000003053
C03055,Citizen_3055,F,2009-09-20,Agricultural Labour,High,9000003054
C03056,Citizen_3056,M,1997-11-15,Retired,High,9000003055
C03057,Citizen_3057,F,1994-01-28,Private Employee,Low,9000003056
C03058,Citizen_3058,F,2009-11-09,Student,Middle,9000003057
C03059,Citizen_3059,F,1976-07-16,Business Owner,Low,9000003058
C03060,Citizen_3060,M,2009-07-24,Unemployed,Middle,9000003059
C03061,Citizen_3061,M,1964-07-07,Private Employee,High,9000003060
C03062,Citizen_3062,F,1990-04-25,Retired,High,9000003061
C03063,Citizen_3063,M,1967-06-19,Retired,Middle,9000003062
C03064,Citizen_3064,F,2005-03-20,Private Employee,High,9000003063
C03065,Citizen_3065,F,1974-02-17,Unemployed,High,9000003064
C03066,Citizen_3066,M,2005-01-05,Agricultural Labour,Middle,9000003065
C03067,Citizen_3067,F,2005-11-10,Private Employee,Low,9000003066
C03068,Citizen_3068,M,1971-05-03,Unemployed,High,9000003067
C03069,Citizen_3069,F,1964-09-12,Business Owner,High,9000003068
C03070,Citizen_3070,M,1997-07-26,Unemployed,Low,9000003069
C03071,Citizen_3071,F,1973-05-10,Unemployed,Middle,9000003070
C03072,Citizen_3072,F,1984-03-24,Agricultural Labour,Middle,9000003071
C03073,Citizen_3073,F,1994-05-21,Agricultural Labour,High,9000003072
C03074,Citizen_3074,F,1977-12-20,Agricultural Labour,Middle,9000003073
C03075,Citizen_3075,M,1988-01-11,Farmer,Low,9000003074
C03076,Citizen_3076,M,1964-09-22,Agricultural Labour,Middle,9000003075
C03077,Citizen_3077,M,2001-05-04,Government Employee,Middle,9000003076
C03078,Citizen_3078,F,2002-08-13,Farmer,High,9000003077
C03079,Citizen_3079,F,1995-04-23,Retired,Middle,9000003078
C03080,Citizen_3080,F,1961-12-05,Private Employee,High,9000003079
C03081,Citizen_3081,F,1978-11-21,Government Employee,Low,9000003080
C03082,Citizen_3082,M,1969-07-28,Student,High,9000003081
C03083,Citizen_3083,M,1996-12-21,Unemployed,High,9000003082
C03084,Citizen_3084,M,1967-09-07,Unemployed,Middle,9000003083
C03085,Citizen_3085,F,1989-02-20,Unemployed,Middle,9000003084
C03086,Citizen_3086,F,1987-02-01,Private Employee,Middle,9000003085
C03087,Citizen_3087,F,1975-05-06,Farmer,Low,9000003086
C03088,Citizen_3088,M,1968-11-23,Government Employee,Middle,9000003087
C03089,Citizen_3089,M,1964-04-24,Retired,Middle,9000003088
C03090,Citizen_3090,M,1986-08-12,Farmer,Low,9000003089
C03091,Citizen_3091,F,1988-10-03,Student,Low,9000003090
C03092,Citizen_3092,F,1977-07-04,Business Owner,Middle,9000003091
C03093,Citizen_3093,M,1999-03-07,Government Employee,Middle,9000003092
C03094,Citizen_3094,M,1989-05-28,Unemployed,Middle,9000003093
C03095,Citizen_3095,F,1979-03-28,Unemployed,Low,9000003094
C03096,Citizen_3096,M,1995-07-08,Retired,Low,9000003095
C03097,Citizen_3097,F,1973-02-19,Student,High,9000003096
C03098,Citizen_3098,F,1999-11-11,Student,High,9000003097
C03099,Citizen_3099,M,2000-03-16,Retired,Middle,9000003098
C03100,Citizen_3100,F,1965-05-20,Farmer,Low,9000003099
C03101,Citizen_3101,M,2010-09-11,Farmer,Low,9000003100
C03102,Citizen_3102,F,1981-02-24,Government Employee,Middle,9000003101
C03103,Citizen_3103,F,2003-05-18,Unemployed,Middle,9000003102
C03104,Citizen_3104,M,1971-09-18,Government Employee,High,9000003103
C03105,Citizen_3105,M,1979-08-25,Government Employee,Low,9000003104
C03106,Citizen_3106,M,1976-06-09,Unemployed,High,9000003105
C03107,Citizen_3107,M,1983-11-16,Business Owner,High,9000003106
C03108,Citizen_3108,M,1969-06-03,Agricultural Labour,Middle,9000003107
C03109,Citizen_3109,F,1993-09-15,Student,Low,9000003108
C03110,Citizen_3110,M,1968-12-01,Business Owner,Low,9000003109
C03111,Citizen_3111,F,1978-04-15,Retired,High,9000003110
C03112,Citizen_3112,F,1987-02-17,Government Employee,Low,9000003111
C03113,Citizen_3113,F,1992-01-02,Agricultural Labour,High,9000003112
C03114,Citizen_3114,F,1975-02-10,Government Employee,High,9000003113
C03115,Citizen_3115,M,1980-02-03,Business Owner,Low,9000003114
C03116,Citizen_3116,F,1990-09-14,Private Employee,High,9000003115
C03117,Citizen_3117,M,1960-08-26,Agricultural Labour,High,9000003116
C03118,Citizen_3118,F,1966-01-20,Unemployed,High,9000003117
C03119,Citizen_3119,F,1987-05-05,Student,Middle,9000003118
C03120,Citizen_3120,M,1986-11-18,Farmer,Low,9000003119
C03121,Citizen_3121,F,1997-11-07,Government Employee,High,9000003120
C03122,Citizen_3122,M,1983-05-06,Government Employee,Low,9000003121
C03123,Citizen_3123,F,1962-01-06,Government Employee,Low,9000003122
C03124,Citizen_3124,M,1992-07-28,Student,High,9000003123
C03125,Citizen_3125,F,2004-01-22,Student,Low,9000003124
C03126,Citizen_3126,M,1978-12-04,Agricultural Labour,Middle,9000003125
C03127,Citizen_3127,M,1961-07-14,Retired,Low,9000003126
C03128,Citizen_3128,M,1980-02-09,Student,High,9000003127
C03129,Citizen_3129,M,1961-02-28,Unemployed,Middle,9000003128
C03130,Citizen_3130,M,1973-12-17,Private Employee,Low,9000003129
C03131,Citizen_3131,M,1968-05-02,Farmer,Middle,9000003130
C03132,Citizen_3132,M,1997-03-06,Private Employee,Low,9000003131
C03133,Citizen_3133,F,1984-03-21,Farmer,Low,9000003132
C03134,Citizen_3134,M,1964-02-25,Government Employee,Middle,9000003133
C03135,Citizen_3135,F,1973-04-19,Agricultural Labour,Low,9000003134
C03136,Citizen_3136,M,2001-03-12,Private Employee,High,9000003135
C03137,Citizen_3137,F,1967-04-06,Government Employee,High,9000003136
C03138,Citizen_3138,F,1981-07-22,Business Owner,Middle,9000003137
C03139,Citizen_3139,M,1973-05-06,Unemployed,Middle,9000003138
C03140,Citizen_3140,F,1999-08-14,Farmer,Low,9000003139
C03141,Citizen_3141,F,1997-09-14,Unemployed,Low,9000003140
C03142,Citizen_3142,F,1971-12-02,Student,Low,9000003141
C03143,Citizen_3143,F,2008-08-21,Retired,High,9000003142
C03144,Citizen_3144,M,1977-11-19,Student,Low,9000003143
C03145,Citizen_3145,F,1974-06-13,Agricultural Labour,Middle,9000003144
C03146,Citizen_3146,M,1984-07-12,Student,High,9000003145
C03147,Citizen_3147,M,1977-08-25,Unemployed,Low,9000003146
C03148,Citizen_3148,F,2010-04-28,Farmer,High,9000003147
C03149,Citizen_3149,F,1986-05-04,Business Owner,Middle,9000003148
C03150,Citizen_3150,F,1974-04-13,Student,Low,9000003149
C03151,Citizen_3151,F,1988-05-25,Unemployed,Middle,9000003150
C03152,Citizen_3152,F,2002-04-11,Government Employee,High,9000003151
C03153,Citizen_3153,F,1968-11-25,Student,High,9000003152
C03154,Citizen_3154,M,1969-05-07,Unemployed,Middle,9000003153
C03155,Citizen_3155,M,1979-02-11,Retired,Low,9000003154
C03156,Citizen_3156,M,2001-08-28,Unemployed,Low,9000003155
C03157,Citizen_3157,M,1980-05-07,Business Owner,Middle,9000003156
C03158,Citizen_3158,F,1992-12-14,Government Employee,High,9000003157
C03159,Citizen_3159,M,1986-02-13,Private Employee,Middle,9000003158
C03160,Citizen_3160,F,1997-11-08,Agricultural Labour,Middle,9000003159
C03161,Citizen_3161,M,1982-04-22,Agricultural Labour,Low,9000003160
C03162,Citizen_3162,F,2010-09-21,Government Employee,High,9000003161
C03163,Citizen_3163,F,1965-01-08,Farmer,Middle,9000003162
C03164,Citizen_3164,M,1990-03-13,Farmer,Middle,9000003163
C03165,Citizen_3165,M,2009-01-04,Business Owner,High,9000003164
C03166,Citizen_3166,F,1990-09-23,Farmer,High,9000003165
C03167,Citizen_3167,M,1984-12-09,Government Employee,Low,9000003166
C03168,Citizen_3168,M,1967-05-13,Government Employee,High,9000003167
C03169,Citizen_3169,F,2010-08-13,Private Employee,Middle,9000003168
C03170,Citizen_3170,F,1969-12-19,Private Employee,Middle,9000003169
C03171,Citizen_3171,F,1982-07-07,Government Employee,High,9000003170
C03172,Citizen_3172,M,1989-03-24,Business Owner,Low,9000003171
C03173,Citizen_3173,M,1985-10-09,Agricultural Labour,High,9000003172
C03174,Citizen_3174,M,1971-11-14,Unemployed,High,9000003173
C03175,Citizen_3175,F,1996-08-03,Unemployed,Middle,9000003174
C03176,Citizen_3176,M,1986-11-18,Government Employee,Low,9000003175
C03177,Citizen_3177,F,1974-10-04,Farmer,Low,9000003176
C03178,Citizen_3178,F,1966-03-12,Farmer,Low,9000003177
C03179,Citizen_3179,F,2009-12-08,Business Owner,High,9000003178
C03180,Citizen_3180,M,2008-02-07,Government Employee,Low,9000003179
C03181,Citizen_3181,F,1977-04-16,Unemployed,Middle,9000003180
C03182,Citizen_3182,M,2003-05-18,Agricultural Labour,Middle,9000003181
C03183,Citizen_3183,M,1996-09-26,Business Owner,Low,9000003182
C03184,Citizen_3184,M,1964-07-16,Government Employee,Low,9000003183
C03185,Citizen_3185,M,1976-09-03,Agricultural Labour,Middle,9000003184
C03186,Citizen_3186,M,1978-10-21,Agricultural Labour,Low,9000003185
C03187,Citizen_3187,M,1979-11-06,Farmer,Low,9000003186
C03188,Citizen_3188,F,1986-02-13,Farmer,High,9000003187
C03189,Citizen_3189,M,1999-10-02,Government Employee,Middle,9000003188
C03190,Citizen_3190,M,1967-04-09,Student,Middle,9000003189
C03191,Citizen_3191,F,1969-01-07,Student,Low,9000003190
C03192,Citizen_3192,M,1987-01-23,Retired,High,9000003191
C03193,Citizen_3193,M,1991-10-04,Government Employee,High,9000003192
C03194,Citizen_3194,F,1963-02-11,Retired,Low,9000003193
C03195,Citizen_3195,M,2010-08-04,Government Employee,Low,9000003194
C03196,Citizen_3196,M,1997-11-10,Farmer,Low,9000003195
C03197,Citizen_3197,F,1989-11-28,Farmer,Low,9000003196
C03198,Citizen_3198,M,1978-02-04,Private Employee,High,9000003197
C03199,Citizen_3199,F,2000-05-11,Private Employee,Middle,9000003198
C03200,Citizen_3200,M,2009-10-07,Unemployed,Middle,9000003199
C03201,Citizen_3201,F,1991-07-10,Unemployed,Low,9000003200
C03202,Citizen_3202,M,1975-09-26,Agricultural Labour,Low,9000003201
C03203,Citizen_3203,F,1979-10-04,Unemployed,Low,9000003202
C03204,Citizen_3204,F,1970-04-21,Private Employee,Low,9000003203
C03205,Citizen_3205,F,1978-01-03,Government Employee,Low,9000003204
C03206,Citizen_3206,F,1973-06-02,Unemployed,High,9000003205
C03207,Citizen_3207,F,2002-03-13,Agricultural Labour,Middle,9000003206
C03208,Citizen_3208,F,1982-06-06,Student,Low,9000003207
C03209,Citizen_3209,F,2007-05-03,Farmer,Low,9000003208
C03210,Citizen_3210,F,1978-08-24,Agricultural Labour,High,9000003209
C03211,Citizen_3211,F,1997-09-20,Business Owner,High,9000003210
C03212,Citizen_3212,F,1987-07-20,Business Owner,High,9000003211
C03213,Citizen_3213,M,1963-01-12,Agricultural Labour,High,9000003212
C03214,Citizen_3214,F,1987-08-12,Unemployed,Low,9000003213
C03215,Citizen_3215,F,1983-09-10,Private Employee,Low,9000003214
C03216,Citizen_3216,F,2000-12-03,Retired,Low,9000003215
C03217,Citizen_3217,F,1985-03-25,Student,Middle,9000003216
C03218,Citizen_3218,F,1961-05-13,Farmer,Middle,9000003217
C03219,Citizen_3219,M,2002-01-03,Business Owner,High,9000003218
C03220,Citizen_3220,F,1967-04-01,Unemployed,High,9000003219
C03221,Citizen_3221,F,1971-05-02,Retired,Low,9000003220
C03222,Citizen_3222,M,1960-11-27,Unemployed,Middle,9000003221
C03223,Citizen_3223,M,2003-05-26,Agricultural Labour,Middle,9000003222
C03224,Citizen_3224,M,1994-03-01,Retired,Middle,9000003223
C03225,Citizen_3225,M,1972-09-24,Agricultural Labour,Low,9000003224
C03226,Citizen_3226,F,2010-11-06,Private Employee,Low,9000003225
C03227,Citizen_3227,M,1995-03-06,Private Employee,High,9000003226
C03228,Citizen_3228,M,1978-01-18,Business Owner,Middle,9000003227
C03229,Citizen_3229,F,1969-09-07,Student,High,9000003228
C03230,Citizen_3230,F,1962-01-09,Agricultural Labour,Low,9000003229
C03231,Citizen_3231,F,1988-10-26,Agricultural Labour,Low,9000003230
C03232,Citizen_3232,F,2010-02-23,Agricultural Labour,Low,9000003231
C03233,Citizen_3233,F,2002-01-27,Student,Low,9000003232
C03234,Citizen_3234,F,2009-08-05,Private Employee,High,9000003233
C03235,Citizen_3235,M,1960-07-10,Agricultural Labour,High,9000003234
C03236,Citizen_3236,F,1991-09-02,Retired,High,9000003235
C03237,Citizen_3237,M,1961-03-18,Farmer,Low,9000003236
C03238,Citizen_3238,M,1979-02-20,Business Owner,High,9000003237
C03239,Citizen_3239,F,1975-05-03,Student,Low,9000003238
C03240,Citizen_3240,M,2001-05-10,Retired,High,9000003239
C03241,Citizen_3241,F,1989-05-24,Private Employee,High,9000003240
C03242,Citizen_3242,M,1971-02-21,Government Employee,Low,9000003241
C03243,Citizen_3243,F,1974-06-16,Farmer,High,9000003242
C03244,Citizen_3244,M,1989-09-19,Agricultural Labour,High,9000003243
C03245,Citizen_3245,M,1966-04-27,Retired,Middle,9000003244
C03246,Citizen_3246,M,2006-07-20,Farmer,Middle,9000003245
C03247,Citizen_3247,F,1995-06-12,Retired,Middle,9000003246
C03248,Citizen_3248,F,2004-01-18,Business Owner,Low,9000003247
C03249,Citizen_3249,M,1986-10-14,Farmer,High,9000003248
C03250,Citizen_3250,F,1982-03-17,Unemployed,Low,9000003249
C03251,Citizen_3251,F,1964-12-02,Unemployed,Middle,9000003250
C03252,Citizen_3252,F,1989-04-08,Retired,Middle,9000003251
C03253,Citizen_3253,F,1988-01-03,Unemployed,Middle,9000003252
C03254,Citizen_3254,M,1988-07-03,Government Employee,Middle,9000003253
C03255,Citizen_3255,M,1979-10-18,Farmer,Low,9000003254
C03256,Citizen_3256,F,1974-11-01,Business Owner,Low,9000003255
C03257,Citizen_3257,F,2006-07-20,Private Employee,High,9000003256
C03258,Citizen_3258,F,1978-05-10,Retired,Middle,9000003257
C03259,Citizen_3259,M,1980-01-18,Business Owner,High,9000003258
C03260,Citizen_3260,M,1975-12-05,Business Owner,Low,9000003259
C03261,Citizen_3261,M,1979-09-01,Farmer,Middle,9000003260
C03262,Citizen_3262,M,1989-12-05,Business Owner,Low,9000003261
C03263,Citizen_3263,F,1981-04-28,Unemployed,High,9000003262
C03264,Citizen_3264,M,1980-09-11,Student,Middle,9000003263
C03265,Citizen_3265,F,1997-01-13,Private Employee,Middle,9000003264
C03266,Citizen_3266,F,1960-03-09,Private Employee,Middle,9000003265
C03267,Citizen_3267,F,1963-04-25,Government Employee,Low,9000003266
C03268,Citizen_3268,M,1999-06-22,Business Owner,Middle,9000003267
C03269,Citizen_3269,M,1974-02-11,Private Employee,High,9000003268
C03270,Citizen_3270,F,1974-01-09,Farmer,Low,9000003269
C03271,Citizen_3271,F,1985-03-23,Agricultural Labour,Middle,9000003270
C03272,Citizen_3272,M,1966-08-10,Private Employee,High,9000003271
C03273,Citizen_3273,M,1968-01-10,Agricultural Labour,Middle,9000003272
C03274,Citizen_3274,F,1994-03-04,Student,High,9000003273
C03275,Citizen_3275,M,1997-03-13,Unemployed,High,9000003274
C03276,Citizen_3276,M,1990-01-13,Government Employee,Low,9000003275
C03277,Citizen_3277,F,2008-01-07,Agricultural Labour,Low,9000003276
C03278,Citizen_3278,M,1992-01-10,Student,Low,9000003277
C03279,Citizen_3279,M,1969-01-14,Agricultural Labour,High,9000003278
C03280,Citizen_3280,M,1966-10-08,Government Employee,Low,9000003279
C03281,Citizen_3281,F,1999-04-16,Retired,Low,9000003280
C03282,Citizen_3282,M,1960-01-21,Farmer,Low,9000003281
C03283,Citizen_3283,F,1987-02-13,Private Employee,Low,9000003282
C03284,Citizen_3284,F,1984-12-23,Business Owner,High,9000003283
C03285,Citizen_3285,F,1964-09-24,Student,Middle,9000003284
C03286,Citizen_3286,F,1960-12-15,Private Employee,Low,9000003285
C03287,Citizen_3287,M,1978-06-24,Government Employee,Low,9000003286
C03288,Citizen_3288,M,1965-07-21,Retired,Middle,9000003287
C03289,Citizen_3289,M,1978-06-13,Business Owner,Middle,9000003288
C03290,Citizen_3290,F,1975-08-01,Agricultural Labour,High,9000003289
C03291,Citizen_3291,F,2008-06-07,Agricultural Labour,Low,9000003290
C03292,Citizen_3292,F,1991-07-14,Unemployed,Middle,9000003291
C03293,Citizen_3293,M,1982-03-22,Retired,High,9000003292
C03294,Citizen_3294,F,1964-03-01,Private Employee,High,9000003293
C03295,Citizen_3295,M,2004-11-11,Retired,High,9000003294
C03296,Citizen_3296,M,1986-11-03,Farmer,Low,9000003295
C03297,Citizen_3297,M,1975-02-22,Agricultural Labour,Middle,9000003296
C03298,Citizen_3298,F,2000-09-22,Retired,Low,9000003297
C03299,Citizen_3299,F,2000-08-21,Unemployed,Low,9000003298
C03300,Citizen_3300,F,1975-03-05,Government Employee,High,9000003299
C03301,Citizen_3301,F,1967-09-12,Private Employee,Low,9000003300
C03302,Citizen_3302,M,1984-11-17,Business Owner,High,9000003301
C03303,Citizen_3303,F,1986-04-16,Agricultural Labour,Low,9000003302
C03304,Citizen_3304,F,1969-10-10,Government Employee,Low,9000003303
C03305,Citizen_3305,M,1961-12-08,Retired,Middle,9000003304
C03306,Citizen_3306,M,1996-09-19,Private Employee,Low,9000003305
C03307,Citizen_3307,M,1973-03-09,Unemployed,Middle,9000003306
C03308,Citizen_3308,F,1984-10-07,Private Employee,Middle,9000003307
C03309,Citizen_3309,F,1966-08-22,Government Employee,High,9000003308
C03310,Citizen_3310,F,1986-06-19,Agricultural Labour,Middle,9000003309
C03311,Citizen_3311,M,1993-03-02,Agricultural Labour,Low,9000003310
C03312,Citizen_3312,F,2002-01-27,Unemployed,Middle,9000003311
C03313,Citizen_3313,M,2004-07-13,Business Owner,Low,9000003312
C03314,Citizen_3314,F,1988-04-28,Student,Low,9000003313
C03315,Citizen_3315,M,1991-03-09,Student,Middle,9000003314
C03316,Citizen_3316,M,1975-08-27,Student,High,9000003315
C03317,Citizen_3317,F,1980-07-20,Retired,Middle,9000003316
C03318,Citizen_3318,F,1993-08-17,Business Owner,High,9000003317
C03319,Citizen_3319,F,1970-03-09,Business Owner,High,9000003318
C03320,Citizen_3320,F,1967-01-10,Unemployed,High,9000003319
C03321,Citizen_3321,M,1980-01-14,Private Employee,High,9000003320
C03322,Citizen_3322,F,1980-07-18,Student,Low,9000003321
C03323,Citizen_3323,M,2003-01-28,Unemployed,Low,9000003322
C03324,Citizen_3324,F,1986-12-16,Private Employee,High,9000003323
C03325,Citizen_3325,M,2007-06-23,Farmer,High,9000003324
C03326,Citizen_3326,F,1997-04-09,Business Owner,Low,9000003325
C03327,Citizen_3327,M,1968-10-04,Business Owner,Middle,9000003326
C03328,Citizen_3328,F,1960-03-05,Government Employee,Middle,9000003327
C03329,Citizen_3329,F,1989-09-28,Farmer,Middle,9000003328
C03330,Citizen_3330,F,1991-12-19,Retired,Low,9000003329
C03331,Citizen_3331,F,1967-09-10,Farmer,Middle,9000003330
C03332,Citizen_3332,M,1973-04-21,Private Employee,Low,9000003331
C03333,Citizen_3333,F,1988-09-22,Private Employee,Low,9000003332
C03334,Citizen_3334,M,1988-11-24,Private Employee,High,9000003333
C03335,Citizen_3335,M,1996-12-23,Business Owner,Middle,9000003334
C03336,Citizen_3336,M,2005-07-16,Unemployed,High,9000003335
C03337,Citizen_3337,F,1960-07-07,Unemployed,High,9000003336
C03338,Citizen_3338,M,2002-03-28,Unemployed,Low,9000003337
C03339,Citizen_3339,M,1967-02-05,Private Employee,Low,9000003338
C03340,Citizen_3340,M,2006-11-17,Business Owner,High,9000003339
C03341,Citizen_3341,F,1968-07-27,Business Owner,High,9000003340
C03342,Citizen_3342,M,1973-04-14,Retired,High,9000003341
C03343,Citizen_3343,F,1961-09-06,Unemployed,Middle,9000003342
C03344,Citizen_3344,M,2004-04-13,Farmer,Middle,9000003343
C03345,Citizen_3345,F,1998-05-14,Private Employee,Low,9000003344
C03346,Citizen_3346,F,1986-05-19,Farmer,Low,9000003345
C03347,Citizen_3347,M,1969-05-20,Student,Low,9000003346
C03348,Citizen_3348,M,1983-01-27,Farmer,Low,9000003347
C03349,Citizen_3349,M,1981-05-13,Agricultural Labour,Middle,9000003348
C03350,Citizen_3350,F,2010-09-23,Farmer,High,9000003349
C03351,Citizen_3351,M,1973-09-24,Farmer,Middle,9000003350
C03352,Citizen_3352,F,2000-02-02,Business Owner,Low,9000003351
C03353,Citizen_3353,F,1975-02-12,Unemployed,Middle,9000003352
C03354,Citizen_3354,F,1964-11-07,Student,Low,9000003353
C03355,Citizen_3355,M,1977-09-21,Government Employee,Middle,9000003354
C03356,Citizen_3356,F,1989-06-12,Farmer,Low,9000003355
C03357,Citizen_3357,M,1999-11-01,Agricultural Labour,Middle,9000003356
C03358,Citizen_3358,F,1984-05-15,Agricultural Labour,Middle,9000003357
C03359,Citizen_3359,F,1995-05-02,Agricultural Labour,High,9000003358
C03360,Citizen_3360,M,1969-08-26,Agricultural Labour,Middle,9000003359
C03361,Citizen_3361,M,1990-12-04,Unemployed,Low,9000003360
C03362,Citizen_3362,M,1983-09-13,Unemployed,High,9000003361
C03363,Citizen_3363,F,1967-02-19,Retired,Middle,9000003362
C03364,Citizen_3364,F,1982-10-24,Government Employee,High,9000003363
C03365,Citizen_3365,M,1970-07-03,Retired,Low,9000003364
C03366,Citizen_3366,F,1961-06-18,Government Employee,Middle,9000003365
C03367,Citizen_3367,M,1976-06-21,Agricultural Labour,High,9000003366
C03368,Citizen_3368,F,1987-06-15,Private Employee,High,9000003367
C03369,Citizen_3369,F,1975-06-08,Government Employee,High,9000003368
C03370,Citizen_3370,M,1978-03-13,Unemployed,High,9000003369
C03371,Citizen_3371,M,1966-08-25,Retired,Middle,9000003370
C03372,Citizen_3372,M,1964-11-11,Business Owner,Middle,9000003371
C03373,Citizen_3373,F,1995-08-20,Government Employee,Low,9000003372
C03374,Citizen_3374,M,1960-03-26,Student,Low,9000003373
C03375,Citizen_3375,M,1989-03-16,Unemployed,Middle,9000003374
C03376,Citizen_3376,M,1976-06-03,Student,High,9000003375
C03377,Citizen_3377,M,1970-06-05,Student,Middle,9000003376
C03378,Citizen_3378,F,1966-04-01,Retired,Low,9000003377
C03379,Citizen_3379,M,1994-10-16,Private Employee,High,9000003378
C03380,Citizen_3380,M,2000-08-25,Government Employee,High,9000003379
C03381,Citizen_3381,M,1990-08-16,Retired,High,9000003380
C03382,Citizen_3382,M,1967-09-10,Private Employee,Middle,9000003381
C03383,Citizen_3383,M,2004-12-16,Unemployed,Low,9000003382
C03384,Citizen_3384,M,2009-10-02,Farmer,Middle,9000003383
C03385,Citizen_3385,M,1969-02-02,Private Employee,High,9000003384
C03386,Citizen_3386,F,1969-04-10,Business Owner,Middle,9000003385
C03387,Citizen_3387,M,2003-01-12,Retired,High,9000003386
C03388,Citizen_3388,F,1990-02-25,Unemployed,Low,9000003387
C03389,Citizen_3389,F,1966-07-12,Unemployed,Middle,9000003388
C03390,Citizen_3390,F,1985-08-14,Business Owner,Low,9000003389
C03391,Citizen_3391,F,1993-04-07,Business Owner,Middle,9000003390
C03392,Citizen_3392,M,1961-10-23,Student,Low,9000003391
C03393,Citizen_3393,M,1978-03-22,Unemployed,High,9000003392
C03394,Citizen_3394,F,1972-08-20,Government Employee,High,9000003393
C03395,Citizen_3395,M,1968-02-19,Agricultural Labour,Middle,9000003394
C03396,Citizen_3396,M,1999-12-01,Retired,Low,9000003395
C03397,Citizen_3397,F,2004-05-16,Government Employee,Middle,9000003396
C03398,Citizen_3398,M,2008-02-11,Retired,High,9000003397
C03399,Citizen_3399,M,1965-06-02,Agricultural Labour,Low,9000003398
C03400,Citizen_3400,M,1985-12-27,Private Employee,Middle,9000003399
C03401,Citizen_3401,M,1961-09-02,Private Employee,Middle,9000003400
C03402,Citizen_3402,F,1995-10-23,Government Employee,High,9000003401
C03403,Citizen_3403,F,1989-06-20,Retired,High,9000003402
C03404,Citizen_3404,M,1974-06-10,Government Employee,Middle,9000003403
C03405,Citizen_3405,F,1965-10-06,Agricultural Labour,Middle,9000003404
C03406,Citizen_3406,F,1990-10-03,Business Owner,Middle,9000003405
C03407,Citizen_3407,M,2005-09-14,Unemployed,Middle,9000003406
C03408,Citizen_3408,M,1969-01-07,Agricultural Labour,Middle,9000003407
C03409,Citizen_3409,M,2002-07-14,Student,Low,9000003408
C03410,Citizen_3410,M,1979-07-18,Student,Middle,9000003409
C03411,Citizen_3411,M,2006-08-22,Private Employee,Middle,9000003410
C03412,Citizen_3412,M,1962-01-23,Private Employee,Low,9000003411
C03413,Citizen_3413,F,2002-01-03,Business Owner,High,9000003412
C03414,Citizen_3414,F,2010-01-11,Agricultural Labour,High,9000003413
C03415,Citizen_3415,M,1995-06-09,Government Employee,Low,9000003414
C03416,Citizen_3416,F,1967-07-21,Government Employee,High,9000003415
C03417,Citizen_3417,M,2001-12-24,Government Employee,Low,9000003416
C03418,Citizen_3418,F,1986-11-07,Unemployed,High,9000003417
C03419,Citizen_3419,M,1960-02-02,Farmer,High,9000003418
C03420,Citizen_3420,M,1997-01-17,Government Employee,Low,9000003419
C03421,Citizen_3421,F,1993-02-24,Farmer,Middle,9000003420
C03422,Citizen_3422,M,1971-09-21,Government Employee,Middle,9000003421
C03423,Citizen_3423,F,1964-06-18,Private Employee,High,9000003422
C03424,Citizen_3424,M,1999-12-08,Farmer,Middle,9000003423
C03425,Citizen_3425,M,2000-08-14,Unemployed,Low,9000003424
C03426,Citizen_3426,M,2009-07-13,Private Employee,High,9000003425
C03427,Citizen_3427,M,1992-02-05,Private Employee,High,9000003426
C03428,Citizen_3428,F,1993-02-12,Business Owner,Middle,9000003427
C03429,Citizen_3429,F,2009-08-28,Farmer,Middle,9000003428
C03430,Citizen_3430,M,1964-02-02,Student,High,9000003429
C03431,Citizen_3431,M,2003-12-08,Farmer,High,9000003430
C03432,Citizen_3432,F,1991-04-20,Retired,High,9000003431
C03433,Citizen_3433,F,1968-02-18,Agricultural Labour,High,9000003432
C03434,Citizen_3434,F,1968-11-14,Government Employee,Middle,9000003433
C03435,Citizen_3435,F,2006-06-21,Farmer,High,9000003434
C03436,Citizen_3436,M,1985-08-14,Retired,High,9000003435
C03437,Citizen_3437,M,1992-08-16,Unemployed,Low,9000003436
C03438,Citizen_3438,M,1986-04-14,Student,Low,9000003437
C03439,Citizen_3439,M,2006-11-13,Private Employee,Middle,9000003438
C03440,Citizen_3440,F,1971-10-06,Private Employee,Middle,9000003439
C03441,Citizen_3441,F,1987-08-17,Farmer,High,9000003440
C03442,Citizen_3442,M,1988-11-13,Agricultural Labour,Middle,9000003441
C03443,Citizen_3443,F,1970-03-18,Farmer,Middle,9000003442
C03444,Citizen_3444,F,1997-10-08,Student,High,9000003443
C03445,Citizen_3445,M,1968-06-11,Retired,Middle,9000003444
C03446,Citizen_3446,F,1969-07-11,Retired,Middle,9000003445
C03447,Citizen_3447,F,1961-09-27,Government Employee,High,9000003446
C03448,Citizen_3448,F,2007-09-01,Student,Low,9000003447
C03449,Citizen_3449,M,2005-05-04,Retired,Low,9000003448
C03450,Citizen_3450,F,1981-08-18,Government Employee,High,9000003449
C03451,Citizen_3451,M,1968-10-28,Student,Middle,9000003450
C03452,Citizen_3452,F,1965-09-18,Retired,Low,9000003451
C03453,Citizen_3453,M,1979-09-14,Farmer,Low,9000003452
C03454,Citizen_3454,F,2009-01-01,Private Employee,Middle,9000003453
C03455,Citizen_3455,F,1998-12-21,Private Employee,High,9000003454
C03456,Citizen_3456,F,1995-08-12,Retired,Low,9000003455
C03457,Citizen_3457,M,2001-01-25,Private Employee,High,9000003456
C03458,Citizen_3458,M,1961-02-04,Private Employee,Middle,9000003457
C03459,Citizen_3459,M,1964-11-17,Unemployed,High,9000003458
C03460,Citizen_3460,M,1991-05-06,Farmer,Middle,9000003459
C03461,Citizen_3461,F,1969-03-06,Government Employee,Low,9000003460
C03462,Citizen_3462,F,1998-04-27,Agricultural Labour,High,9000003461
C03463,Citizen_3463,M,1984-03-02,Farmer,Middle,9000003462
C03464,Citizen_3464,M,1961-03-26,Business Owner,Low,9000003463
C03465,Citizen_3465,F,2001-12-14,Private Employee,Middle,9000003464
C03466,Citizen_3466,F,1983-04-16,Business Owner,Low,9000003465
C03467,Citizen_3467,F,1991-12-03,Business Owner,Middle,9000003466
C03468,Citizen_3468,F,2002-10-12,Unemployed,High,9000003467
C03469,Citizen_3469,F,1976-01-24,Unemployed,High,9000003468
C03470,Citizen_3470,F,2010-04-12,Business Owner,Middle,9000003469
C03471,Citizen_3471,F,1974-05-11,Agricultural Labour,Middle,9000003470
C03472,Citizen_3472,F,2001-07-18,Unemployed,Middle,9000003471
C03473,Citizen_3473,M,2002-12-28,Business Owner,High,9000003472
C03474,Citizen_3474,M,2010-05-18,Government Employee,High,9000003473
C03475,Citizen_3475,F,2001-09-14,Private Employee,Middle,9000003474
C03476,Citizen_3476,F,1973-07-13,Business Owner,High,9000003475
C03477,Citizen_3477,F,1975-03-01,Retired,Middle,9000003476
C03478,Citizen_3478,F,1993-08-01,Business Owner,Low,9000003477
C03479,Citizen_3479,M,2009-11-14,Government Employee,High,9000003478
C03480,Citizen_3480,F,1979-04-28,Unemployed,High,9000003479
C03481,Citizen_3481,F,1994-01-12,Farmer,High,9000003480
C03482,Citizen_3482,F,1980-01-12,Farmer,High,9000003481
C03483,Citizen_3483,M,1994-05-13,Retired,Low,9000003482
C03484,Citizen_3484,M,1963-08-07,Business Owner,Low,9000003483
C03485,Citizen_3485,M,1996-01-23,Retired,Middle,9000003484
C03486,Citizen_3486,M,2007-08-05,Student,Middle,9000003485
C03487,Citizen_3487,F,2002-11-22,Farmer,Low,9000003486
C03488,Citizen_3488,M,1964-07-05,Student,High,9000003487
C03489,Citizen_3489,F,1967-06-02,Private Employee,High,9000003488
C03490,Citizen_3490,M,1979-06-01,Private Employee,High,9000003489
C03491,Citizen_3491,M,1979-04-11,Government Employee,Low,9000003490
C03492,Citizen_3492,M,1989-10-09,Government Employee,Low,9000003491
C03493,Citizen_3493,F,1999-06-07,Agricultural Labour,High,9000003492
C03494,Citizen_3494,M,1967-03-08,Student,High,9000003493
C03495,Citizen_3495,M,1977-03-13,Student,Low,9000003494
C03496,Citizen_3496,F,1976-03-18,Unemployed,High,9000003495
C03497,Citizen_3497,F,1971-11-12,Agricultural Labour,High,9000003496
C03498,Citizen_3498,M,1993-06-16,Government Employee,High,9000003497
C03499,Citizen_3499,M,1995-12-22,Student,Middle,9000003498
C03500,Citizen_3500,F,1981-02-09,Unemployed,Low,9000003499
C03501,Citizen_3501,M,1997-04-11,Agricultural Labour,Low,9000003500
C03502,Citizen_3502,F,2002-05-12,Student,Middle,9000003501
C03503,Citizen_3503,M,2004-08-23,Farmer,Middle,9000003502
C03504,Citizen_3504,M,1990-03-18,Agricultural Labour,Middle,9000003503
C03505,Citizen_3505,F,1972-04-15,Business Owner,Middle,9000003504
C03506,Citizen_3506,M,1968-02-22,Student,Middle,9000003505
C03507,Citizen_3507,F,1987-12-24,Private Employee,Middle,9000003506
C03508,Citizen_3508,F,1966-03-25,Unemployed,Low,9000003507
C03509,Citizen_3509,F,1993-02-17,Retired,Middle,9000003508
C03510,Citizen_3510,M,1960-10-20,Farmer,Middle,9000003509
C03511,Citizen_3511,M,1965-10-27,Unemployed,Low,9000003510
C03512,Citizen_3512,M,2010-04-20,Student,Low,9000003511
C03513,Citizen_3513,F,2007-08-02,Business Owner,Middle,9000003512
C03514,Citizen_3514,M,2005-06-24,Private Employee,Low,9000003513
C03515,Citizen_3515,F,1988-04-22,Agricultural Labour,Low,9000003514
C03516,Citizen_3516,M,1977-04-27,Farmer,Middle,9000003515
C03517,Citizen_3517,F,1965-11-10,Private Employee,Low,9000003516
C03518,Citizen_3518,M,1983-10-27,Government Employee,Middle,9000003517
C03519,Citizen_3519,F,1983-01-28,Private Employee,High,9000003518
C03520,Citizen_3520,M,2010-12-08,Agricultural Labour,Low,9000003519
C03521,Citizen_3521,F,1968-08-12,Student,Middle,9000003520
C03522,Citizen_3522,F,1989-03-20,Agricultural Labour,Low,9000003521
C03523,Citizen_3523,F,1978-10-01,Business Owner,High,9000003522
C03524,Citizen_3524,F,1972-02-17,Government Employee,High,9000003523
C03525,Citizen_3525,F,1975-07-20,Student,Low,9000003524
C03526,Citizen_3526,M,1962-11-21,Private Employee,High,9000003525
C03527,Citizen_3527,F,1990-02-22,Agricultural Labour,Middle,9000003526
C03528,Citizen_3528,M,1986-03-22,Agricultural Labour,High,9000003527
C03529,Citizen_3529,F,1998-03-13,Student,Low,9000003528
C03530,Citizen_3530,F,1973-03-17,Agricultural Labour,Middle,9000003529
C03531,Citizen_3531,M,2003-10-03,Farmer,High,9000003530
C03532,Citizen_3532,F,1974-10-05,Private Employee,Low,9000003531
C03533,Citizen_3533,M,1985-10-03,Student,Middle,9000003532
C03534,Citizen_3534,M,2003-08-14,Retired,Low,9000003533
C03535,Citizen_3535,M,1982-03-19,Retired,Middle,9000003534
C03536,Citizen_3536,M,1988-11-10,Student,High,9000003535
C03537,Citizen_3537,M,1983-04-02,Business Owner,Middle,9000003536
C03538,Citizen_3538,F,1963-01-26,Private Employee,Low,9000003537
C03539,Citizen_3539,M,2009-11-13,Government Employee,High,9000003538
C03540,Citizen_3540,F,1995-10-02,Government Employee,High,9000003539
C03541,Citizen_3541,F,2000-06-02,Private Employee,High,9000003540
C03542,Citizen_3542,F,1992-07-15,Unemployed,Low,9000003541
C03543,Citizen_3543,M,2001-01-09,Farmer,High,9000003542
C03544,Citizen_3544,M,1977-07-22,Retired,High,9000003543
C03545,Citizen_3545,F,1979-11-03,Private Employee,Low,9000003544
C03546,Citizen_3546,F,1994-09-04,Farmer,Low,9000003545
C03547,Citizen_3547,M,1995-11-05,Retired,Low,9000003546
C03548,Citizen_3548,M,1963-06-04,Government Employee,Low,9000003547
C03549,Citizen_3549,F,1984-01-04,Business Owner,Low,9000003548
C03550,Citizen_3550,M,1960-02-08,Private Employee,Middle,9000003549
C03551,Citizen_3551,M,1971-01-25,Government Employee,High,9000003550
C03552,Citizen_3552,M,2008-11-13,Agricultural Labour,High,9000003551
C03553,Citizen_3553,F,1974-07-27,Farmer,Low,9000003552
C03554,Citizen_3554,M,2001-12-16,Government Employee,High,9000003553
C03555,Citizen_3555,F,1998-01-15,Business Owner,High,9000003554
C03556,Citizen_3556,F,1987-08-06,Farmer,Low,9000003555
C03557,Citizen_3557,M,1982-03-03,Business Owner,High,9000003556
C03558,Citizen_3558,M,2009-01-16,Farmer,Middle,9000003557
C03559,Citizen_3559,M,1987-04-09,Student,Low,9000003558
C03560,Citizen_3560,F,1966-03-07,Retired,Low,9000003559
C03561,Citizen_3561,F,1965-02-25,Agricultural Labour,High,9000003560
C03562,Citizen_3562,F,2001-05-12,Business Owner,Middle,9000003561
C03563,Citizen_3563,F,1998-08-05,Unemployed,Middle,9000003562
C03564,Citizen_3564,F,1984-02-20,Private Employee,Middle,9000003563
C03565,Citizen_3565,F,1991-02-08,Retired,Middle,9000003564
C03566,Citizen_3566,M,2004-11-17,Unemployed,Low,9000003565
C03567,Citizen_3567,F,1975-10-12,Unemployed,Low,9000003566
C03568,Citizen_3568,M,2007-07-25,Unemployed,Middle,9000003567
C03569,Citizen_3569,M,1961-06-12,Retired,Low,9000003568
C03570,Citizen_3570,F,1966-04-18,Retired,High,9000003569
C03571,Citizen_3571,F,1962-03-24,Private Employee,Low,9000003570
C03572,Citizen_3572,F,2002-07-03,Business Owner,Middle,9000003571
C03573,Citizen_3573,F,1984-03-16,Unemployed,Low,9000003572
C03574,Citizen_3574,M,1960-05-22,Agricultural Labour,Low,9000003573
C03575,Citizen_3575,F,1986-02-22,Business Owner,Low,9000003574
C03576,Citizen_3576,M,1983-03-10,Government Employee,Low,9000003575
C03577,Citizen_3577,F,1994-12-14,Government Employee,Middle,9000003576
C03578,Citizen_3578,F,1990-01-27,Business Owner,Middle,9000003577
C03579,Citizen_3579,F,1984-09-19,Unemployed,High,9000003578
C03580,Citizen_3580,F,1961-04-13,Government Employee,Low,9000003579
C03581,Citizen_3581,M,1977-09-08,Retired,High,9000003580
C03582,Citizen_3582,M,1985-12-08,Agricultural Labour,Middle,9000003581
C03583,Citizen_3583,M,2007-03-25,Agricultural Labour,High,9000003582
C03584,Citizen_3584,M,1990-01-13,Student,High,9000003583
C03585,Citizen_3585,M,1977-02-02,Business Owner,Low,9000003584
C03586,Citizen_3586,F,2007-11-05,Agricultural Labour,Low,9000003585
C03587,Citizen_3587,F,1970-03-17,Private Employee,Middle,9000003586
C03588,Citizen_3588,F,1967-09-07,Farmer,Low,9000003587
C03589,Citizen_3589,M,1988-12-19,Unemployed,High,9000003588
C03590,Citizen_3590,M,1990-06-22,Retired,High,9000003589
C03591,Citizen_3591,F,1996-08-10,Retired,High,9000003590
C03592,Citizen_3592,M,1980-03-28,Private Employee,Low,9000003591
C03593,Citizen_3593,F,1967-02-09,Unemployed,Middle,9000003592
C03594,Citizen_3594,F,1982-09-24,Agricultural Labour,High,9000003593
C03595,Citizen_3595,M,1960-07-03,Retired,Low,9000003594
C03596,Citizen_3596,F,1986-04-04,Unemployed,Low,9000003595
C03597,Citizen_3597,M,1970-10-15,Student,Middle,9000003596
C03598,Citizen_3598,F,1971-12-28,Unemployed,Low,9000003597
C03599,Citizen_3599,F,1998-05-20,Unemployed,Low,9000003598
C03600,Citizen_3600,F,1995-09-03,Agricultural Labour,High,9000003599
C03601,Citizen_3601,M,1993-12-23,Farmer,Middle,9000003600
C03602,Citizen_3602,M,2004-01-04,Government Employee,High,9000003601
C03603,Citizen_3603,M,1991-02-14,Retired,Middle,9000003602
C03604,Citizen_3604,M,2010-11-23,Private Employee,Low,9000003603
C03605,Citizen_3605,F,1974-12-07,Unemployed,Low,9000003604
C03606,Citizen_3606,M,1964-08-20,Student,Middle,9000003605
C03607,Citizen_3607,M,2008-01-10,Farmer,Low,9000003606
C03608,Citizen_3608,F,2003-03-20,Student,High,9000003607
C03609,Citizen_3609,F,1983-09-25,Student,High,9000003608
C03610,Citizen_3610,M,1981-12-14,Government Employee,High,9000003609
C03611,Citizen_3611,M,1969-08-28,Business Owner,High,9000003610
C03612,Citizen_3612,M,1998-11-05,Private Employee,Middle,9000003611
C03613,Citizen_3613,F,1966-08-26,Business Owner,Low,9000003612
C03614,Citizen_3614,M,1980-09-03,Business Owner,Middle,9000003613
C03615,Citizen_3615,F,1971-02-27,Private Employee,High,9000003614
C03616,Citizen_3616,M,1985-01-04,Unemployed,Low,9000003615
C03617,Citizen_3617,F,1982-05-04,Government Employee,High,9000003616
C03618,Citizen_3618,F,1980-04-04,Student,Middle,9000003617
C03619,Citizen_3619,M,2009-01-20,Government Employee,Low,9000003618
C03620,Citizen_3620,F,1998-07-17,Student,High,9000003619
C03621,Citizen_3621,M,2001-10-14,Business Owner,Middle,9000003620
C03622,Citizen_3622,F,1968-11-09,Farmer,High,9000003621
C03623,Citizen_3623,M,2004-02-15,Retired,High,9000003622
C03624,Citizen_3624,M,1981-11-25,Agricultural Labour,Middle,9000003623
C03625,Citizen_3625,F,1992-02-03,Government Employee,Low,9000003624
C03626,Citizen_3626,F,1972-07-15,Farmer,Middle,9000003625
C03627,Citizen_3627,M,1967-08-22,Government Employee,High,9000003626
C03628,Citizen_3628,F,1960-12-06,Business Owner,Low,9000003627
C03629,Citizen_3629,M,2001-03-24,Business Owner,Low,9000003628
C03630,Citizen_3630,M,1963-07-22,Government Employee,Low,9000003629
C03631,Citizen_3631,M,1987-06-10,Farmer,Low,9000003630
C03632,Citizen_3632,M,2001-05-10,Business Owner,Low,9000003631
C03633,Citizen_3633,F,2008-09-28,Business Owner,Low,9000003632
C03634,Citizen_3634,M,1970-12-09,Government Employee,Middle,9000003633
C03635,Citizen_3635,M,2004-10-10,Retired,Middle,9000003634
C03636,Citizen_3636,F,2004-02-04,Unemployed,High,9000003635
C03637,Citizen_3637,M,1981-07-09,Farmer,High,9000003636
C03638,Citizen_3638,F,1966-05-16,Student,Low,9000003637
C03639,Citizen_3639,M,1972-08-02,Student,Middle,9000003638
C03640,Citizen_3640,M,1979-06-03,Farmer,High,9000003639
C03641,Citizen_3641,M,1984-02-22,Agricultural Labour,Low,9000003640
C03642,Citizen_3642,M,1980-07-11,Business Owner,Low,9000003641
C03643,Citizen_3643,M,1962-11-06,Government Employee,Middle,9000003642
C03644,Citizen_3644,F,2005-07-14,Unemployed,High,9000003643
C03645,Citizen_3645,M,2009-03-19,Student,Low,9000003644
C03646,Citizen_3646,M,1994-07-03,Business Owner,Low,9000003645
C03647,Citizen_3647,M,2000-09-26,Government Employee,High,9000003646
C03648,Citizen_3648,M,1999-04-26,Business Owner,Low,9000003647
C03649,Citizen_3649,F,2001-11-28,Private Employee,Middle,9000003648
C03650,Citizen_3650,M,1984-07-22,Private Employee,High,9000003649
C03651,Citizen_3651,M,1977-07-07,Government Employee,Middle,9000003650
C03652,Citizen_3652,M,1975-05-07,Retired,Middle,9000003651
C03653,Citizen_3653,M,2007-09-13,Unemployed,High,9000003652
C03654,Citizen_3654,F,2006-01-17,Unemployed,Middle,9000003653
C03655,Citizen_3655,F,1971-05-08,Private Employee,Middle,9000003654
C03656,Citizen_3656,M,1995-06-11,Farmer,Middle,9000003655
C03657,Citizen_3657,F,1973-06-27,Farmer,High,9000003656
C03658,Citizen_3658,F,1970-09-21,Student,High,9000003657
C03659,Citizen_3659,F,1990-11-28,Farmer,Low,9000003658
C03660,Citizen_3660,F,1998-07-10,Student,Low,9000003659
C03661,Citizen_3661,F,1998-02-27,Retired,Middle,9000003660
C03662,Citizen_3662,F,1962-05-15,Agricultural Labour,High,9000003661
C03663,Citizen_3663,M,1960-01-25,Student,Middle,9000003662
C03664,Citizen_3664,M,1995-09-15,Government Employee,Middle,9000003663
C03665,Citizen_3665,F,2007-12-20,Unemployed,High,9000003664
C03666,Citizen_3666,F,1993-07-14,Retired,High,9000003665
C03667,Citizen_3667,F,1989-01-14,Agricultural Labour,Middle,9000003666
C03668,Citizen_3668,M,1987-10-02,Agricultural Labour,Middle,9000003667
C03669,Citizen_3669,F,1965-02-01,Government Employee,High,9000003668
C03670,Citizen_3670,F,2010-12-15,Agricultural Labour,Middle,9000003669
C03671,Citizen_3671,F,1990-06-14,Unemployed,High,9000003670
C03672,Citizen_3672,F,1960-11-11,Agricultural Labour,High,9000003671
C03673,Citizen_3673,F,1961-11-04,Unemployed,Middle,9000003672
C03674,Citizen_3674,F,1976-10-24,Private Employee,Low,9000003673
C03675,Citizen_3675,F,2004-04-12,Unemployed,High,9000003674
C03676,Citizen_3676,F,1961-05-11,Farmer,High,9000003675
C03677,Citizen_3677,F,2010-07-14,Government Employee,Middle,9000003676
C03678,Citizen_3678,F,1979-01-05,Business Owner,Low,9000003677
C03679,Citizen_3679,F,1964-08-27,Private Employee,Middle,9000003678
C03680,Citizen_3680,F,1967-05-02,Private Employee,Middle,9000003679
C03681,Citizen_3681,M,2003-04-18,Student,High,9000003680
C03682,Citizen_3682,F,1987-12-06,Unemployed,Middle,9000003681
C03683,Citizen_3683,M,2000-07-25,Government Employee,High,9000003682
C03684,Citizen_3684,F,1996-04-25,Unemployed,High,9000003683
C03685,Citizen_3685,M,2002-07-07,Student,High,9000003684
C03686,Citizen_3686,F,1974-01-24,Agricultural Labour,Low,9000003685
C03687,Citizen_3687,M,2008-03-15,Unemployed,High,9000003686
C03688,Citizen_3688,F,1965-10-21,Government Employee,Low,9000003687
C03689,Citizen_3689,F,2001-09-28,Student,Low,9000003688
C03690,Citizen_3690,F,1989-06-17,Unemployed,Middle,9000003689
C03691,Citizen_3691,M,1973-07-11,Unemployed,Low,9000003690
C03692,Citizen_3692,M,1972-12-14,Government Employee,Middle,9000003691
C03693,Citizen_3693,F,2003-05-07,Business Owner,Middle,9000003692
C03694,Citizen_3694,F,2007-12-23,Government Employee,Low,9000003693
C03695,Citizen_3695,M,1994-02-22,Private Employee,Low,9000003694
C03696,Citizen_3696,M,1983-08-22,Unemployed,Low,9000003695
C03697,Citizen_3697,F,2005-12-02,Retired,Low,9000003696
C03698,Citizen_3698,M,1988-05-09,Student,Middle,9000003697
C03699,Citizen_3699,F,1987-03-22,Unemployed,Low,9000003698
C03700,Citizen_3700,F,1975-07-15,Student,High,9000003699
C03701,Citizen_3701,M,1992-10-18,Retired,Middle,9000003700
C03702,Citizen_3702,F,2010-08-25,Student,High,9000003701
C03703,Citizen_3703,F,2003-05-21,Government Employee,Middle,9000003702
C03704,Citizen_3704,F,1968-10-12,Government Employee,Middle,9000003703
C03705,Citizen_3705,F,2010-05-27,Farmer,Low,9000003704
C03706,Citizen_3706,F,1984-08-14,Retired,Middle,9000003705
C03707,Citizen_3707,M,1976-03-01,Retired,Middle,9000003706
C03708,Citizen_3708,F,1982-02-10,Retired,Middle,9000003707
C03709,Citizen_3709,M,1979-02-03,Student,Middle,9000003708
C03710,Citizen_3710,M,2001-04-02,Farmer,Low,9000003709
C03711,Citizen_3711,M,1996-05-24,Farmer,Middle,9000003710
C03712,Citizen_3712,F,1985-06-24,Private Employee,Low,9000003711
C03713,Citizen_3713,F,2006-05-11,Government Employee,High,9000003712
C03714,Citizen_3714,F,2001-11-14,Student,Low,9000003713
C03715,Citizen_3715,F,1971-04-28,Private Employee,Middle,9000003714
C03716,Citizen_3716,F,1962-11-22,Farmer,Low,9000003715
C03717,Citizen_3717,F,1989-01-28,Agricultural Labour,Low,9000003716
C03718,Citizen_3718,M,2007-04-27,Business Owner,High,9000003717
C03719,Citizen_3719,F,1986-02-03,Unemployed,Middle,9000003718
C03720,Citizen_3720,M,1965-09-04,Student,High,9000003719
C03721,Citizen_3721,M,2007-08-26,Business Owner,Middle,9000003720
C03722,Citizen_3722,F,1964-05-24,Business Owner,Middle,9000003721
C03723,Citizen_3723,F,1987-02-17,Unemployed,High,9000003722
C03724,Citizen_3724,F,2002-01-09,Retired,High,9000003723
C03725,Citizen_3725,F,1985-11-21,Unemployed,High,9000003724
C03726,Citizen_3726,M,2005-10-01,Student,High,9000003725
C03727,Citizen_3727,M,1983-07-11,Student,Low,9000003726
C03728,Citizen_3728,M,1977-12-06,Government Employee,High,9000003727
C03729,Citizen_3729,M,1960-12-06,Private Employee,Middle,9000003728
C03730,Citizen_3730,F,1978-01-11,Business Owner,Middle,9000003729
C03731,Citizen_3731,M,1999-09-14,Private Employee,Low,9000003730
C03732,Citizen_3732,M,1976-01-12,Agricultural Labour,Low,9000003731
C03733,Citizen_3733,M,1994-07-13,Farmer,Middle,9000003732
C03734,Citizen_3734,F,1979-08-28,Government Employee,Low,9000003733
C03735,Citizen_3735,M,1976-08-24,Student,Low,9000003734
C03736,Citizen_3736,F,1989-05-28,Business Owner,Low,9000003735
C03737,Citizen_3737,M,1972-06-20,Business Owner,Middle,9000003736
C03738,Citizen_3738,M,1961-12-28,Private Employee,High,9000003737
C03739,Citizen_3739,M,2010-09-16,Government Employee,Middle,9000003738
C03740,Citizen_3740,M,1994-12-22,Unemployed,Middle,9000003739
C03741,Citizen_3741,F,1991-08-10,Agricultural Labour,Low,9000003740
C03742,Citizen_3742,M,1973-06-03,Government Employee,Low,9000003741
C03743,Citizen_3743,M,1982-09-12,Government Employee,Middle,9000003742
C03744,Citizen_3744,F,2009-06-18,Agricultural Labour,Middle,9000003743
C03745,Citizen_3745,M,1999-09-25,Student,High,9000003744
C03746,Citizen_3746,M,2004-02-16,Student,Middle,9000003745
C03747,Citizen_3747,M,1996-09-10,Agricultural Labour,Low,9000003746
C03748,Citizen_3748,F,1981-06-26,Agricultural Labour,Middle,9000003747
C03749,Citizen_3749,F,1982-10-06,Government Employee,High,9000003748
C03750,Citizen_3750,M,1966-10-08,Business Owner,High,9000003749
C03751,Citizen_3751,M,1995-12-25,Farmer,High,9000003750
C03752,Citizen_3752,M,1972-09-03,Business Owner,Middle,9000003751
C03753,Citizen_3753,M,1976-03-23,Private Employee,Middle,9000003752
C03754,Citizen_3754,M,1966-12-20,Student,High,9000003753
C03755,Citizen_3755,F,2007-04-25,Farmer,High,9000003754
C03756,Citizen_3756,M,1971-02-17,Student,Low,9000003755
C03757,Citizen_3757,F,1972-05-03,Agricultural Labour,Middle,9000003756
C03758,Citizen_3758,F,1965-04-08,Agricultural Labour,Middle,9000003757
C03759,Citizen_3759,F,1983-04-28,Farmer,Low,9000003758
C03760,Citizen_3760,F,1974-01-07,Farmer,Middle,9000003759
C03761,Citizen_3761,F,1960-08-15,Agricultural Labour,High,9000003760
C03762,Citizen_3762,M,1963-10-24,Unemployed,Middle,9000003761
C03763,Citizen_3763,F,2002-06-11,Retired,Middle,9000003762
C03764,Citizen_3764,F,1975-12-26,Business Owner,Middle,9000003763
C03765,Citizen_3765,F,1967-09-24,Private Employee,High,9000003764
C03766,Citizen_3766,M,1969-07-20,Business Owner,Middle,9000003765
C03767,Citizen_3767,M,1963-07-10,Agricultural Labour,High,9000003766
C03768,Citizen_3768,M,1961-07-04,Unemployed,High,9000003767
C03769,Citizen_3769,F,2004-10-03,Farmer,Low,9000003768
C03770,Citizen_3770,M,1970-11-09,Private Employee,High,9000003769
C03771,Citizen_3771,M,1985-09-05,Unemployed,High,9000003770
C03772,Citizen_3772,M,1969-11-03,Retired,Middle,9000003771
C03773,Citizen_3773,F,1970-11-26,Unemployed,High,9000003772
C03774,Citizen_3774,F,1969-01-17,Government Employee,High,9000003773
C03775,Citizen_3775,F,1991-10-26,Agricultural Labour,High,9000003774
C03776,Citizen_3776,M,1960-06-19,Government Employee,Low,9000003775
C03777,Citizen_3777,F,1991-03-25,Private Employee,High,9000003776
C03778,Citizen_3778,F,1963-12-07,Private Employee,Low,9000003777
C03779,Citizen_3779,M,1962-11-22,Retired,Middle,9000003778
C03780,Citizen_3780,F,1999-08-24,Private Employee,Middle,9000003779
C03781,Citizen_3781,M,1995-08-04,Private Employee,High,9000003780
C03782,Citizen_3782,F,1965-05-11,Private Employee,High,9000003781
C03783,Citizen_3783,M,1981-11-17,Farmer,High,9000003782
C03784,Citizen_3784,M,2000-09-13,Farmer,Middle,9000003783
C03785,Citizen_3785,M,1978-09-01,Private Employee,Low,9000003784
C03786,Citizen_3786,F,1960-07-26,Student,Middle,9000003785
C03787,Citizen_3787,F,1976-08-26,Unemployed,High,9000003786
C03788,Citizen_3788,F,1962-12-19,Farmer,Middle,9000003787
C03789,Citizen_3789,M,2000-09-24,Student,Middle,9000003788
C03790,Citizen_3790,F,2004-05-07,Farmer,Low,9000003789
C03791,Citizen_3791,F,1981-11-27,Student,Middle,9000003790
C03792,Citizen_3792,M,1974-09-18,Retired,High,9000003791
C03793,Citizen_3793,F,2006-07-12,Unemployed,High,9000003792
C03794,Citizen_3794,M,1964-04-13,Farmer,Middle,9000003793
C03795,Citizen_3795,M,1968-10-01,Agricultural Labour,Low,9000003794
C03796,Citizen_3796,M,1995-07-01,Business Owner,Middle,9000003795
C03797,Citizen_3797,F,2002-08-03,Farmer,Low,9000003796
C03798,Citizen_3798,M,1973-06-04,Business Owner,High,9000003797
C03799,Citizen_3799,F,2006-04-18,Private Employee,High,9000003798
C03800,Citizen_3800,F,1979-02-19,Agricultural Labour,Middle,9000003799
C03801,Citizen_3801,F,1996-12-02,Student,Low,9000003800
C03802,Citizen_3802,F,1988-03-18,Government Employee,High,9000003801
C03803,Citizen_3803,F,1965-12-14,Retired,Low,9000003802
C03804,Citizen_3804,M,1996-06-24,Government Employee,Low,9000003803
C03805,Citizen_3805,F,1991-01-26,Business Owner,High,9000003804
C03806,Citizen_3806,F,2000-09-24,Unemployed,Middle,9000003805
C03807,Citizen_3807,F,2004-11-05,Private Employee,Middle,9000003806
C03808,Citizen_3808,M,1970-09-06,Farmer,Low,9000003807
C03809,Citizen_3809,M,1969-04-12,Government Employee,Low,9000003808
C03810,Citizen_3810,F,1992-09-11,Unemployed,High,9000003809
C03811,Citizen_3811,F,2003-07-16,Unemployed,High,9000003810
C03812,Citizen_3812,F,1992-01-20,Unemployed,Middle,9000003811
C03813,Citizen_3813,F,1995-04-16,Business Owner,High,9000003812
C03814,Citizen_3814,F,1996-06-27,Retired,Middle,9000003813
C03815,Citizen_3815,M,1965-04-12,Government Employee,Low,9000003814
C03816,Citizen_3816,F,1980-06-22,Student,High,9000003815
C03817,Citizen_3817,M,1992-12-20,Retired,Middle,9000003816
C03818,Citizen_3818,F,1977-02-22,Agricultural Labour,High,9000003817
C03819,Citizen_3819,F,1993-07-22,Private Employee,Middle,9000003818
C03820,Citizen_3820,F,1980-02-27,Agricultural Labour,High,9000003819
C03821,Citizen_3821,F,1987-05-11,Government Employee,Middle,9000003820
C03822,Citizen_3822,F,1982-06-03,Student,High,9000003821
C03823,Citizen_3823,F,1979-02-20,Unemployed,Middle,9000003822
C03824,Citizen_3824,F,1975-12-01,Farmer,High,9000003823
C03825,Citizen_3825,M,1982-12-17,Private Employee,Low,9000003824
C03826,Citizen_3826,M,1985-04-27,Farmer,Low,9000003825
C03827,Citizen_3827,F,1996-08-21,Private Employee,Low,9000003826
C03828,Citizen_3828,F,1969-03-17,Business Owner,High,9000003827
C03829,Citizen_3829,M,1979-11-20,Private Employee,Middle,9000003828
C03830,Citizen_3830,F,1986-09-02,Business Owner,Middle,9000003829
C03831,Citizen_3831,M,1965-11-28,Farmer,Middle,9000003830
C03832,Citizen_3832,M,2010-04-07,Business Owner,High,9000003831
C03833,Citizen_3833,M,1964-06-28,Government Employee,Middle,9000003832
C03834,Citizen_3834,M,1983-09-13,Unemployed,High,9000003833
C03835,Citizen_3835,F,1966-06-11,Business Owner,Middle,9000003834
C03836,Citizen_3836,F,1961-06-08,Private Employee,Middle,9000003835
C03837,Citizen_3837,M,1999-07-16,Business Owner,High,9000003836
C03838,Citizen_3838,F,2000-12-05,Retired,Low,9000003837
C03839,Citizen_3839,M,2000-06-24,Government Employee,Middle,9000003838
C03840,Citizen_3840,F,1999-10-03,Agricultural Labour,High,9000003839
C03841,Citizen_3841,M,2005-09-27,Student,Middle,9000003840
C03842,Citizen_3842,F,2007-11-22,Private Employee,High,9000003841
C03843,Citizen_3843,F,2007-01-06,Agricultural Labour,Middle,9000003842
C03844,Citizen_3844,F,2006-11-27,Government Employee,High,9000003843
C03845,Citizen_3845,M,1961-11-16,Retired,Middle,9000003844
C03846,Citizen_3846,F,1995-03-03,Private Employee,Middle,9000003845
C03847,Citizen_3847,M,1986-05-07,Student,Middle,9000003846
C03848,Citizen_3848,F,2001-09-09,Business Owner,High,9000003847
C03849,Citizen_3849,F,1960-08-18,Farmer,Middle,9000003848
C03850,Citizen_3850,F,1965-11-26,Agricultural Labour,High,9000003849
C03851,Citizen_3851,M,1989-08-12,Student,Low,9000003850
C03852,Citizen_3852,M,1996-11-23,Business Owner,Middle,9000003851
C03853,Citizen_3853,M,2010-05-20,Private Employee,Middle,9000003852
C03854,Citizen_3854,M,2003-02-14,Business Owner,High,9000003853
C03855,Citizen_3855,M,1993-11-25,Government Employee,High,9000003854
C03856,Citizen_3856,F,2002-10-16,Business Owner,Middle,9000003855
C03857,Citizen_3857,F,1987-06-13,Student,High,9000003856
C03858,Citizen_3858,M,1990-01-12,Student,Middle,9000003857
C03859,Citizen_3859,F,2001-12-07,Business Owner,Low,9000003858
C03860,Citizen_3860,F,1994-08-22,Retired,Low,9000003859
C03861,Citizen_3861,F,1986-10-06,Private Employee,High,9000003860
C03862,Citizen_3862,M,1997-05-25,Farmer,Middle,9000003861
C03863,Citizen_3863,F,2004-04-10,Agricultural Labour,Middle,9000003862
C03864,Citizen_3864,M,1983-10-15,Retired,Low,9000003863
C03865,Citizen_3865,M,2002-01-04,Agricultural Labour,Middle,9000003864
C03866,Citizen_3866,F,1989-08-28,Government Employee,Middle,9000003865
C03867,Citizen_3867,F,1975-11-03,Business Owner,High,9000003866
C03868,Citizen_3868,F,1968-03-12,Student,Middle,9000003867
C03869,Citizen_3869,F,1985-05-04,Government Employee,Middle,9000003868
C03870,Citizen_3870,F,2001-12-21,Retired,Middle,9000003869
C03871,Citizen_3871,M,1985-09-11,Student,Middle,9000003870
C03872,Citizen_3872,M,1999-11-11,Private Employee,Low,9000003871
C03873,Citizen_3873,M,1994-06-12,Student,High,9000003872
C03874,Citizen_3874,M,2009-11-24,Student,Middle,9000003873
C03875,Citizen_3875,F,1991-06-17,Agricultural Labour,High,9000003874
C03876,Citizen_3876,F,1985-01-05,Business Owner,High,9000003875
C03877,Citizen_3877,M,2009-04-14,Private Employee,Low,9000003876
C03878,Citizen_3878,M,2007-12-21,Business Owner,Middle,9000003877
C03879,Citizen_3879,M,1979-01-15,Agricultural Labour,Middle,9000003878
C03880,Citizen_3880,F,1997-08-21,Agricultural Labour,Middle,9000003879
C03881,Citizen_3881,F,2002-10-16,Government Employee,Middle,9000003880
C03882,Citizen_3882,M,1995-06-23,Student,High,9000003881
C03883,Citizen_3883,F,1962-09-23,Government Employee,Middle,9000003882
C03884,Citizen_3884,F,1983-12-25,Unemployed,Low,9000003883
C03885,Citizen_3885,M,1989-01-07,Unemployed,Low,9000003884
C03886,Citizen_3886,M,1964-08-12,Farmer,High,9000003885
C03887,Citizen_3887,M,2008-02-15,Farmer,Middle,9000003886
C03888,Citizen_3888,F,1996-11-09,Farmer,Middle,9000003887
C03889,Citizen_3889,F,2004-10-06,Student,Middle,9000003888
C03890,Citizen_3890,M,1985-12-05,Agricultural Labour,High,9000003889
C03891,Citizen_3891,F,1997-04-22,Unemployed,Middle,9000003890
C03892,Citizen_3892,F,2003-04-12,Government Employee,Middle,9000003891
C03893,Citizen_3893,F,1975-06-22,Student,High,9000003892
C03894,Citizen_3894,F,1962-08-02,Retired,Low,9000003893
C03895,Citizen_3895,M,1994-09-07,Business Owner,Low,9000003894
C03896,Citizen_3896,M,1974-06-27,Agricultural Labour,Low,9000003895
C03897,Citizen_3897,M,1964-05-07,Farmer,High,9000003896
C03898,Citizen_3898,F,1979-03-16,Business Owner,High,9000003897
C03899,Citizen_3899,M,1987-07-28,Government Employee,Middle,9000003898
C03900,Citizen_3900,F,2005-12-19,Unemployed,Middle,9000003899
C03901,Citizen_3901,M,2004-05-17,Farmer,Low,9000003900
C03902,Citizen_3902,M,2002-01-15,Government Employee,Middle,9000003901
C03903,Citizen_3903,F,1983-09-27,Private Employee,Middle,9000003902
C03904,Citizen_3904,M,1992-03-28,Student,Low,9000003903
C03905,Citizen_3905,F,1975-12-16,Business Owner,High,9000003904
C03906,Citizen_3906,M,1969-09-28,Unemployed,Middle,9000003905
C03907,Citizen_3907,M,1965-03-22,Private Employee,Low,9000003906
C03908,Citizen_3908,M,1964-05-21,Private Employee,Middle,9000003907
C03909,Citizen_3909,M,1984-02-04,Retired,High,9000003908
C03910,Citizen_3910,M,1981-10-28,Business Owner,Middle,9000003909
C03911,Citizen_3911,F,1988-05-21,Business Owner,Middle,9000003910
C03912,Citizen_3912,F,2004-04-06,Student,High,9000003911
C03913,Citizen_3913,F,1977-05-03,Agricultural Labour,High,9000003912
C03914,Citizen_3914,M,2009-12-18,Student,Low,9000003913
C03915,Citizen_3915,M,1984-08-07,Farmer,High,9000003914
C03916,Citizen_3916,F,1969-01-07,Agricultural Labour,High,9000003915
C03917,Citizen_3917,M,1988-12-14,Business Owner,Low,9000003916
C03918,Citizen_3918,F,1991-02-09,Unemployed,High,9000003917
C03919,Citizen_3919,M,1970-01-03,Business Owner,High,9000003918
C03920,Citizen_3920,M,1972-04-11,Business Owner,Low,9000003919
C03921,Citizen_3921,M,1967-03-15,Private Employee,High,9000003920
C03922,Citizen_3922,M,1984-01-07,Farmer,High,9000003921
C03923,Citizen_3923,F,2009-07-10,Retired,Middle,9000003922
C03924,Citizen_3924,M,2006-10-01,Unemployed,High,9000003923
C03925,Citizen_3925,F,1987-02-18,Government Employee,Middle,9000003924
C03926,Citizen_3926,F,1969-12-20,Student,Low,9000003925
C03927,Citizen_3927,F,1986-11-16,Agricultural Labour,High,9000003926
C03928,Citizen_3928,F,1971-02-16,Private Employee,Low,9000003927
C03929,Citizen_3929,F,1994-09-28,Unemployed,High,9000003928
C03930,Citizen_3930,M,2002-05-04,Unemployed,High,9000003929
C03931,Citizen_3931,M,1962-04-27,Private Employee,Middle,9000003930
C03932,Citizen_3932,F,2001-06-26,Unemployed,Middle,9000003931
C03933,Citizen_3933,F,1989-05-04,Agricultural Labour,Middle,9000003932
C03934,Citizen_3934,M,1980-12-22,Government Employee,High,9000003933
C03935,Citizen_3935,M,1984-05-26,Farmer,High,9000003934
C03936,Citizen_3936,F,2001-01-08,Business Owner,Low,9000003935
C03937,Citizen_3937,F,2002-02-23,Retired,High,9000003936
C03938,Citizen_3938,M,1967-09-03,Student,High,9000003937
C03939,Citizen_3939,M,1972-07-18,Private Employee,High,9000003938
C03940,Citizen_3940,F,1989-01-15,Business Owner,Low,9000003939
C03941,Citizen_3941,M,1981-04-03,Government Employee,High,9000003940
C03942,Citizen_3942,F,2006-03-25,Student,Low,9000003941
C03943,Citizen_3943,F,2010-01-05,Private Employee,Low,9000003942
C03944,Citizen_3944,F,1996-12-25,Farmer,High,9000003943
C03945,Citizen_3945,F,1983-05-17,Farmer,Low,9000003944
C03946,Citizen_3946,M,1972-06-18,Government Employee,High,9000003945
C03947,Citizen_3947,F,1972-11-27,Agricultural Labour,Low,9000003946
C03948,Citizen_3948,F,1983-08-08,Student,Low,9000003947
C03949,Citizen_3949,F,1979-06-09,Unemployed,High,9000003948
C03950,Citizen_3950,M,2009-12-23,Student,Low,9000003949
C03951,Citizen_3951,M,1970-12-03,Business Owner,Low,9000003950
C03952,Citizen_3952,M,1969-09-08,Government Employee,Low,9000003951
C03953,Citizen_3953,F,1983-09-21,Retired,High,9000003952
C03954,Citizen_3954,M,1974-06-26,Retired,Low,9000003953
C03955,Citizen_3955,F,1991-02-28,Retired,High,9000003954
C03956,Citizen_3956,M,1972-01-12,Unemployed,High,9000003955
C03957,Citizen_3957,F,1963-10-10,Agricultural Labour,Low,9000003956
C03958,Citizen_3958,F,2004-07-01,Student,Low,9000003957
C03959,Citizen_3959,F,1976-09-26,Government Employee,High,9000003958
C03960,Citizen_3960,F,1973-04-15,Unemployed,High,9000003959
C03961,Citizen_3961,F,1967-09-15,Unemployed,Middle,9000003960
C03962,Citizen_3962,F,2002-07-28,Farmer,Low,9000003961
C03963,Citizen_3963,F,1977-04-10,Student,High,9000003962
C03964,Citizen_3964,F,2003-11-22,Government Employee,Low,9000003963
C03965,Citizen_3965,F,2008-04-02,Government Employee,Low,9000003964
C03966,Citizen_3966,M,1976-10-26,Unemployed,High,9000003965
C03967,Citizen_3967,F,1981-08-09,Student,Low,9000003966
C03968,Citizen_3968,M,1979-09-09,Farmer,High,9000003967
C03969,Citizen_3969,F,2004-08-24,Government Employee,Low,9000003968
C03970,Citizen_3970,M,1982-07-01,Student,Middle,9000003969
C03971,Citizen_3971,M,1990-01-15,Student,High,9000003970
C03972,Citizen_3972,F,1990-07-27,Agricultural Labour,Low,9000003971
C03973,Citizen_3973,M,1963-08-19,Retired,Middle,9000003972
C03974,Citizen_3974,F,1988-06-10,Student,Middle,9000003973
C03975,Citizen_3975,F,1989-03-17,Retired,Low,9000003974
C03976,Citizen_3976,M,1984-11-19,Government Employee,Middle,9000003975
C03977,Citizen_3977,F,1977-11-01,Government Employee,High,9000003976
C03978,Citizen_3978,M,1998-09-09,Unemployed,High,9000003977
C03979,Citizen_3979,F,2007-07-01,Unemployed,Middle,9000003978
C03980,Citizen_3980,M,2001-12-28,Unemployed,Low,9000003979
C03981,Citizen_3981,M,1993-03-14,Retired,Low,9000003980
C03982,Citizen_3982,F,1988-08-15,Student,Middle,9000003981
C03983,Citizen_3983,M,2008-11-07,Unemployed,Low,9000003982
C03984,Citizen_3984,F,1974-08-15,Private Employee,High,9000003983
C03985,Citizen_3985,F,1964-11-26,Agricultural Labour,Low,9000003984
C03986,Citizen_3986,F,2008-04-12,Agricultural Labour,Low,9000003985
C03987,Citizen_3987,F,1971-03-22,Farmer,Middle,9000003986
C03988,Citizen_3988,M,1978-04-06,Government Employee,Low,9000003987
C03989,Citizen_3989,M,1963-03-07,Government Employee,Middle,9000003988
C03990,Citizen_3990,F,1984-01-26,Unemployed,High,9000003989
C03991,Citizen_3991,M,1984-10-09,Government Employee,High,9000003990
C03992,Citizen_3992,M,1985-10-12,Private Employee,Low,9000003991
C03993,Citizen_3993,F,1988-09-13,Student,Low,9000003992
C03994,Citizen_3994,F,1965-03-17,Student,Low,9000003993
C03995,Citizen_3995,F,2005-01-02,Unemployed,Middle,9000003994
C03996,Citizen_3996,F,1993-09-11,Business Owner,High,9000003995
C03997,Citizen_3997,F,2009-06-08,Agricultural Labour,Low,9000003996
C03998,Citizen_3998,M,1976-03-12,Student,Middle,9000003997
C03999,Citizen_3999,M,1993-01-11,Government Employee,Middle,9000003998
C04000,Citizen_4000,F,2008-05-05,Student,Middle,9000003999
C04001,Citizen_4001,M,1990-09-28,Unemployed,High,9000004000
C04002,Citizen_4002,F,1994-07-01,Private Employee,Low,9000004001
C04003,Citizen_4003,M,2006-10-05,Private Employee,Low,9000004002
C04004,Citizen_4004,M,1964-08-02,Agricultural Labour,High,9000004003
C04005,Citizen_4005,F,1995-07-14,Government Employee,High,9000004004
C04006,Citizen_4006,M,1994-08-19,Retired,Low,9000004005
C04007,Citizen_4007,F,1972-12-03,Business Owner,Low,9000004006
C04008,Citizen_4008,F,1996-06-26,Unemployed,Low,9000004007
C04009,Citizen_4009,M,1990-11-19,Unemployed,Middle,9000004008
C04010,Citizen_4010,F,1967-07-01,Government Employee,Low,9000004009
C04011,Citizen_4011,M,1994-09-17,Farmer,Middle,9000004010
C04012,Citizen_4012,M,1961-06-03,Farmer,Low,9000004011
C04013,Citizen_4013,F,1979-06-22,Agricultural Labour,Low,9000004012
C04014,Citizen_4014,M,1969-11-06,Farmer,Low,9000004013
C04015,Citizen_4015,F,1983-05-12,Business Owner,Low,9000004014
C04016,Citizen_4016,F,1977-09-16,Private Employee,High,9000004015
C04017,Citizen_4017,M,1963-05-13,Unemployed,Low,9000004016
C04018,Citizen_4018,F,1980-11-24,Farmer,Low,9000004017
C04019,Citizen_4019,F,1970-07-22,Retired,Middle,9000004018
C04020,Citizen_4020,F,1970-01-08,Unemployed,Low,9000004019
C04021,Citizen_4021,F,1994-06-10,Government Employee,Low,9000004020
C04022,Citizen_4022,M,1996-06-17,Retired,Low,9000004021
C04023,Citizen_4023,M,2004-09-07,Unemployed,High,9000004022
C04024,Citizen_4024,M,1987-01-26,Agricultural Labour,Middle,9000004023
C04025,Citizen_4025,F,1988-10-05,Government Employee,Low,9000004024
C04026,Citizen_4026,F,1991-02-09,Student,High,9000004025
C04027,Citizen_4027,M,1999-11-15,Farmer,Low,9000004026
C04028,Citizen_4028,F,1962-12-04,Unemployed,Middle,9000004027
C04029,Citizen_4029,F,2002-03-01,Private Employee,Middle,9000004028
C04030,Citizen_4030,M,1996-03-02,Agricultural Labour,High,9000004029
C04031,Citizen_4031,M,1995-12-24,Student,Low,9000004030
C04032,Citizen_4032,M,1974-12-05,Retired,Low,9000004031
C04033,Citizen_4033,F,1996-11-28,Government Employee,Middle,9000004032
C04034,Citizen_4034,F,1992-03-19,Agricultural Labour,Middle,9000004033
C04035,Citizen_4035,F,1980-02-03,Unemployed,Low,9000004034
C04036,Citizen_4036,F,1965-05-20,Private Employee,Low,9000004035
C04037,Citizen_4037,F,1981-08-10,Agricultural Labour,Middle,9000004036
C04038,Citizen_4038,M,1979-09-26,Retired,Low,9000004037
C04039,Citizen_4039,F,1970-07-05,Student,High,9000004038
C04040,Citizen_4040,M,1993-09-08,Agricultural Labour,Low,9000004039
C04041,Citizen_4041,F,2001-10-26,Retired,High,9000004040
C04042,Citizen_4042,F,1975-11-14,Retired,Middle,9000004041
C04043,Citizen_4043,M,2008-05-10,Government Employee,High,9000004042
C04044,Citizen_4044,F,1972-11-11,Business Owner,High,9000004043
C04045,Citizen_4045,F,1993-08-06,Unemployed,Middle,9000004044
C04046,Citizen_4046,F,1967-06-13,Business Owner,Low,9000004045
C04047,Citizen_4047,M,1970-10-19,Farmer,Low,9000004046
C04048,Citizen_4048,F,1994-11-01,Business Owner,Low,9000004047
C04049,Citizen_4049,F,1990-10-28,Unemployed,Low,9000004048
C04050,Citizen_4050,M,2006-01-19,Business Owner,Low,9000004049
C04051,Citizen_4051,M,1986-12-12,Retired,Low,9000004050
C04052,Citizen_4052,F,1986-03-10,Private Employee,Middle,9000004051
C04053,Citizen_4053,F,2004-12-27,Private Employee,Low,9000004052
C04054,Citizen_4054,F,1976-10-05,Farmer,Low,9000004053
C04055,Citizen_4055,F,2010-10-08,Farmer,High,9000004054
C04056,Citizen_4056,M,2005-05-27,Farmer,Low,9000004055
C04057,Citizen_4057,F,1969-08-08,Agricultural Labour,High,9000004056
C04058,Citizen_4058,M,2008-08-06,Private Employee,Middle,9000004057
C04059,Citizen_4059,F,1964-05-16,Student,Middle,9000004058
C04060,Citizen_4060,M,1960-11-03,Business Owner,Low,9000004059
C04061,Citizen_4061,M,1973-06-20,Business Owner,Middle,9000004060
C04062,Citizen_4062,F,1970-03-19,Government Employee,High,9000004061
C04063,Citizen_4063,F,1999-07-22,Unemployed,High,9000004062
C04064,Citizen_4064,F,2010-08-26,Agricultural Labour,Middle,9000004063
C04065,Citizen_4065,M,1998-01-26,Private Employee,Low,9000004064
C04066,Citizen_4066,F,2009-03-24,Business Owner,Middle,9000004065
C04067,Citizen_4067,M,1985-06-01,Farmer,High,9000004066
C04068,Citizen_4068,M,1969-10-19,Farmer,High,9000004067
C04069,Citizen_4069,M,2005-11-02,Unemployed,Middle,9000004068
C04070,Citizen_4070,F,1986-02-28,Business Owner,Middle,9000004069
C04071,Citizen_4071,M,1988-09-16,Government Employee,High,9000004070
C04072,Citizen_4072,F,1980-05-22,Farmer,High,9000004071
C04073,Citizen_4073,F,1971-11-08,Agricultural Labour,Middle,9000004072
C04074,Citizen_4074,F,1998-03-24,Farmer,High,9000004073
C04075,Citizen_4075,F,1988-06-26,Business Owner,High,9000004074
C04076,Citizen_4076,M,1999-04-10,Government Employee,High,9000004075
C04077,Citizen_4077,F,1997-01-09,Student,Low,9000004076
C04078,Citizen_4078,M,2010-12-12,Private Employee,High,9000004077
C04079,Citizen_4079,F,1995-12-08,Student,Middle,9000004078
C04080,Citizen_4080,M,1975-09-04,Government Employee,Low,9000004079
C04081,Citizen_4081,M,1990-04-09,Student,Low,9000004080
C04082,Citizen_4082,M,1963-03-08,Unemployed,Middle,9000004081
C04083,Citizen_4083,M,1971-03-10,Retired,Middle,9000004082
C04084,Citizen_4084,M,2000-10-18,Student,Low,9000004083
C04085,Citizen_4085,F,1970-01-08,Government Employee,Middle,9000004084
C04086,Citizen_4086,M,1980-02-13,Farmer,Low,9000004085
C04087,Citizen_4087,M,1968-06-04,Farmer,Middle,9000004086
C04088,Citizen_4088,M,1983-06-11,Retired,Low,9000004087
C04089,Citizen_4089,F,2000-12-02,Business Owner,Low,9000004088
C04090,Citizen_4090,M,2001-11-22,Business Owner,Middle,9000004089
C04091,Citizen_4091,F,1979-02-03,Private Employee,Middle,9000004090
C04092,Citizen_4092,F,1965-03-11,Government Employee,High,9000004091
C04093,Citizen_4093,M,1991-09-03,Agricultural Labour,Low,9000004092
C04094,Citizen_4094,F,1961-06-23,Government Employee,High,9000004093
C04095,Citizen_4095,F,1999-05-25,Agricultural Labour,High,9000004094
C04096,Citizen_4096,F,1967-06-23,Retired,Middle,9000004095
C04097,Citizen_4097,F,1991-02-13,Unemployed,Low,9000004096
C04098,Citizen_4098,M,1992-11-21,Private Employee,Middle,9000004097
C04099,Citizen_4099,F,1975-01-27,Unemployed,Low,9000004098
C04100,Citizen_4100,F,1968-02-22,Student,High,9000004099
C04101,Citizen_4101,F,1975-06-05,Farmer,Low,9000004100
C04102,Citizen_4102,F,1987-02-11,Farmer,Middle,9000004101
C04103,Citizen_4103,M,1963-06-20,Unemployed,High,9000004102
C04104,Citizen_4104,F,2002-11-14,Retired,Middle,9000004103
C04105,Citizen_4105,M,1979-04-22,Government Employee,High,9000004104
C04106,Citizen_4106,F,1961-09-02,Farmer,Low,9000004105
C04107,Citizen_4107,M,1965-05-25,Unemployed,High,9000004106
C04108,Citizen_4108,M,1963-12-07,Private Employee,Middle,9000004107
C04109,Citizen_4109,M,1994-10-07,Farmer,Middle,9000004108
C04110,Citizen_4110,F,2002-02-13,Government Employee,High,9000004109
C04111,Citizen_4111,M,1986-09-16,Student,Low,9000004110
C04112,Citizen_4112,F,1986-10-02,Student,High,9000004111
C04113,Citizen_4113,M,2002-10-13,Student,Middle,9000004112
C04114,Citizen_4114,M,1984-08-06,Farmer,Low,9000004113
C04115,Citizen_4115,F,1969-12-16,Private Employee,Low,9000004114
C04116,Citizen_4116,M,2003-11-28,Business Owner,Middle,9000004115
C04117,Citizen_4117,M,2000-04-15,Government Employee,Middle,9000004116
C04118,Citizen_4118,F,1978-01-15,Government Employee,High,9000004117
C04119,Citizen_4119,M,1994-04-02,Unemployed,High,9000004118
C04120,Citizen_4120,F,1993-10-19,Student,Low,9000004119
C04121,Citizen_4121,F,1982-05-20,Government Employee,Middle,9000004120
C04122,Citizen_4122,F,1965-05-13,Retired,Middle,9000004121
C04123,Citizen_4123,M,1987-07-17,Unemployed,Middle,9000004122
C04124,Citizen_4124,F,1964-09-11,Retired,Low,9000004123
C04125,Citizen_4125,M,1987-05-12,Unemployed,Low,9000004124
C04126,Citizen_4126,F,2002-10-26,Student,Middle,9000004125
C04127,Citizen_4127,M,1979-04-25,Agricultural Labour,High,9000004126
C04128,Citizen_4128,M,2000-11-15,Government Employee,High,9000004127
C04129,Citizen_4129,M,1961-12-02,Private Employee,Middle,9000004128
C04130,Citizen_4130,F,1987-06-25,Government Employee,Low,9000004129
C04131,Citizen_4131,F,2005-08-16,Government Employee,Low,9000004130
C04132,Citizen_4132,M,1966-07-16,Retired,Low,9000004131
C04133,Citizen_4133,M,1986-02-12,Business Owner,High,9000004132
C04134,Citizen_4134,F,2003-03-01,Agricultural Labour,Low,9000004133
C04135,Citizen_4135,F,2002-01-05,Student,Middle,9000004134
C04136,Citizen_4136,F,1980-01-22,Farmer,Middle,9000004135
C04137,Citizen_4137,F,1997-01-17,Farmer,High,9000004136
C04138,Citizen_4138,M,1996-08-13,Retired,Low,9000004137
C04139,Citizen_4139,F,1968-05-13,Agricultural Labour,Middle,9000004138
C04140,Citizen_4140,M,1960-04-26,Business Owner,Low,9000004139
C04141,Citizen_4141,M,2009-11-02,Farmer,Low,9000004140
C04142,Citizen_4142,M,1978-04-11,Private Employee,High,9000004141
C04143,Citizen_4143,F,1999-04-01,Retired,High,9000004142
C04144,Citizen_4144,F,1966-08-19,Unemployed,Middle,9000004143
C04145,Citizen_4145,F,1986-07-05,Retired,High,9000004144
C04146,Citizen_4146,M,1982-02-17,Unemployed,Low,9000004145
C04147,Citizen_4147,M,1981-03-15,Student,High,9000004146
C04148,Citizen_4148,F,1963-01-06,Private Employee,Low,9000004147
C04149,Citizen_4149,M,1968-04-10,Farmer,Middle,9000004148
C04150,Citizen_4150,F,2007-08-15,Agricultural Labour,Low,9000004149
C04151,Citizen_4151,F,1965-11-12,Farmer,Middle,9000004150
C04152,Citizen_4152,M,1993-11-06,Farmer,Middle,9000004151
C04153,Citizen_4153,M,1986-07-14,Farmer,High,9000004152
C04154,Citizen_4154,M,1971-04-19,Private Employee,Middle,9000004153
C04155,Citizen_4155,F,2009-05-16,Farmer,High,9000004154
C04156,Citizen_4156,F,1972-07-03,Student,Low,9000004155
C04157,Citizen_4157,F,1985-10-11,Business Owner,Middle,9000004156
C04158,Citizen_4158,F,1969-01-05,Private Employee,Middle,9000004157
C04159,Citizen_4159,M,1976-09-18,Unemployed,Low,9000004158
C04160,Citizen_4160,M,1975-08-08,Retired,Low,9000004159
C04161,Citizen_4161,F,1983-01-08,Agricultural Labour,Low,9000004160
C04162,Citizen_4162,M,2004-03-13,Unemployed,High,9000004161
C04163,Citizen_4163,M,1976-02-20,Government Employee,High,9000004162
C04164,Citizen_4164,F,1960-07-03,Farmer,Middle,9000004163
C04165,Citizen_4165,F,2010-02-28,Agricultural Labour,Low,9000004164
C04166,Citizen_4166,M,2006-06-28,Unemployed,High,9000004165
C04167,Citizen_4167,M,1979-12-16,Unemployed,High,9000004166
C04168,Citizen_4168,M,1978-02-02,Government Employee,Middle,9000004167
C04169,Citizen_4169,M,1977-02-07,Agricultural Labour,High,9000004168
C04170,Citizen_4170,M,1967-09-21,Agricultural Labour,Middle,9000004169
C04171,Citizen_4171,M,1981-02-23,Government Employee,Low,9000004170
C04172,Citizen_4172,F,2000-02-15,Farmer,Middle,9000004171
C04173,Citizen_4173,F,1988-01-17,Student,Middle,9000004172
C04174,Citizen_4174,M,1996-12-09,Farmer,Middle,9000004173
C04175,Citizen_4175,F,1966-05-22,Retired,High,9000004174
C04176,Citizen_4176,M,1964-01-07,Agricultural Labour,Middle,9000004175
C04177,Citizen_4177,F,2008-07-09,Student,Middle,9000004176
C04178,Citizen_4178,M,2008-03-15,Student,High,9000004177
C04179,Citizen_4179,F,1998-05-26,Farmer,Middle,9000004178
C04180,Citizen_4180,F,1961-04-07,Retired,Middle,9000004179
C04181,Citizen_4181,F,1999-11-19,Retired,Low,9000004180
C04182,Citizen_4182,M,1975-10-04,Government Employee,Middle,9000004181
C04183,Citizen_4183,F,1965-03-27,Unemployed,Middle,9000004182
C04184,Citizen_4184,M,1960-07-01,Government Employee,Low,9000004183
C04185,Citizen_4185,F,2008-08-12,Government Employee,Low,9000004184
C04186,Citizen_4186,M,1982-08-13,Government Employee,Low,9000004185
C04187,Citizen_4187,M,1965-01-18,Unemployed,High,9000004186
C04188,Citizen_4188,F,1978-07-26,Agricultural Labour,Low,9000004187
C04189,Citizen_4189,F,1974-07-02,Unemployed,Middle,9000004188
C04190,Citizen_4190,M,1963-05-15,Business Owner,High,9000004189
C04191,Citizen_4191,F,1989-10-10,Unemployed,High,9000004190
C04192,Citizen_4192,F,1992-05-17,Agricultural Labour,Middle,9000004191
C04193,Citizen_4193,M,2001-04-13,Agricultural Labour,Low,9000004192
C04194,Citizen_4194,M,1989-08-01,Agricultural Labour,Middle,9000004193
C04195,Citizen_4195,F,2008-04-21,Retired,Middle,9000004194
C04196,Citizen_4196,F,1998-04-26,Government Employee,Low,9000004195
C04197,Citizen_4197,F,1993-02-04,Agricultural Labour,Middle,9000004196
C04198,Citizen_4198,M,1996-12-25,Unemployed,Low,9000004197
C04199,Citizen_4199,M,1977-10-01,Private Employee,Low,9000004198
C04200,Citizen_4200,F,1978-05-03,Student,Middle,9000004199
C04201,Citizen_4201,F,1988-05-08,Government Employee,Low,9000004200
C04202,Citizen_4202,F,2002-10-24,Unemployed,High,9000004201
C04203,Citizen_4203,F,1983-03-08,Agricultural Labour,Middle,9000004202
C04204,Citizen_4204,M,1973-12-08,Student,Low,9000004203
C04205,Citizen_4205,M,2008-01-10,Private Employee,Middle,9000004204
C04206,Citizen_4206,F,1982-04-24,Unemployed,High,9000004205
C04207,Citizen_4207,M,2007-10-16,Retired,Low,9000004206
C04208,Citizen_4208,M,1989-04-19,Business Owner,Middle,9000004207
C04209,Citizen_4209,M,1977-09-16,Private Employee,Low,9000004208
C04210,Citizen_4210,F,1993-07-28,Student,High,9000004209
C04211,Citizen_4211,M,1999-03-28,Retired,High,9000004210
C04212,Citizen_4212,F,1995-08-22,Agricultural Labour,Middle,9000004211
C04213,Citizen_4213,M,1975-05-19,Government Employee,Low,9000004212
C04214,Citizen_4214,F,1998-07-15,Farmer,Middle,9000004213
C04215,Citizen_4215,M,1983-06-18,Agricultural Labour,Middle,9000004214
C04216,Citizen_4216,M,1980-08-20,Private Employee,Low,9000004215
C04217,Citizen_4217,M,1984-03-11,Farmer,Middle,9000004216
C04218,Citizen_4218,M,1983-05-13,Business Owner,Middle,9000004217
C04219,Citizen_4219,M,1997-09-23,Retired,Low,9000004218
C04220,Citizen_4220,M,1978-11-21,Student,Middle,9000004219
C04221,Citizen_4221,F,1960-04-20,Government Employee,Middle,9000004220
C04222,Citizen_4222,M,1990-12-27,Agricultural Labour,High,9000004221
C04223,Citizen_4223,F,1985-12-19,Private Employee,Middle,9000004222
C04224,Citizen_4224,F,1968-10-27,Farmer,Middle,9000004223
C04225,Citizen_4225,M,1999-03-13,Farmer,Low,9000004224
C04226,Citizen_4226,M,2002-02-26,Agricultural Labour,High,9000004225
C04227,Citizen_4227,M,1965-06-14,Agricultural Labour,Middle,9000004226
C04228,Citizen_4228,M,1997-08-07,Business Owner,Middle,9000004227
C04229,Citizen_4229,M,1968-02-28,Government Employee,Low,9000004228
C04230,Citizen_4230,M,2003-12-18,Private Employee,High,9000004229
C04231,Citizen_4231,M,1993-05-22,Unemployed,High,9000004230
C04232,Citizen_4232,M,2008-11-22,Unemployed,Middle,9000004231
C04233,Citizen_4233,M,1972-11-07,Agricultural Labour,Low,9000004232
C04234,Citizen_4234,F,2002-05-17,Agricultural Labour,Middle,9000004233
C04235,Citizen_4235,F,2000-04-21,Unemployed,Middle,9000004234
C04236,Citizen_4236,F,2006-07-03,Private Employee,Low,9000004235
C04237,Citizen_4237,M,2009-09-18,Private Employee,Low,9000004236
C04238,Citizen_4238,M,1986-04-25,Agricultural Labour,High,9000004237
C04239,Citizen_4239,F,1978-02-16,Unemployed,Low,9000004238
C04240,Citizen_4240,M,1961-03-07,Unemployed,Middle,9000004239
C04241,Citizen_4241,M,2004-11-14,Government Employee,Middle,9000004240
C04242,Citizen_4242,M,1980-11-20,Agricultural Labour,Middle,9000004241
C04243,Citizen_4243,F,1987-05-01,Government Employee,Low,9000004242
C04244,Citizen_4244,M,2010-10-22,Agricultural Labour,High,9000004243
C04245,Citizen_4245,M,2002-03-11,Private Employee,High,9000004244
C04246,Citizen_4246,M,2000-07-26,Retired,Low,9000004245
C04247,Citizen_4247,M,1984-10-08,Retired,High,9000004246
C04248,Citizen_4248,F,1998-10-19,Student,Low,9000004247
C04249,Citizen_4249,M,1980-03-20,Unemployed,Middle,9000004248
C04250,Citizen_4250,F,1979-11-17,Business Owner,Low,9000004249
C04251,Citizen_4251,F,2009-12-24,Unemployed,High,9000004250
C04252,Citizen_4252,M,1967-02-10,Government Employee,Low,9000004251
C04253,Citizen_4253,M,1987-05-01,Farmer,Middle,9000004252
C04254,Citizen_4254,F,1990-02-27,Student,Middle,9000004253
C04255,Citizen_4255,F,1998-11-22,Farmer,High,9000004254
C04256,Citizen_4256,F,2004-03-25,Retired,High,9000004255
C04257,Citizen_4257,F,1999-01-06,Student,High,9000004256
C04258,Citizen_4258,M,2004-03-01,Business Owner,Middle,9000004257
C04259,Citizen_4259,M,1989-03-04,Unemployed,Low,9000004258
C04260,Citizen_4260,F,1985-12-01,Government Employee,Low,9000004259
C04261,Citizen_4261,M,1980-09-10,Agricultural Labour,High,9000004260
C04262,Citizen_4262,M,1971-10-11,Student,High,9000004261
C04263,Citizen_4263,F,1989-04-24,Retired,High,9000004262
C04264,Citizen_4264,M,1998-06-16,Student,Middle,9000004263
C04265,Citizen_4265,M,1996-11-27,Private Employee,Middle,9000004264
C04266,Citizen_4266,F,1977-11-03,Agricultural Labour,Low,9000004265
C04267,Citizen_4267,F,2003-04-13,Retired,Low,9000004266
C04268,Citizen_4268,M,2005-09-14,Private Employee,Middle,9000004267
C04269,Citizen_4269,F,2001-08-28,Unemployed,Low,9000004268
C04270,Citizen_4270,M,1970-06-18,Business Owner,High,9000004269
C04271,Citizen_4271,M,1973-04-01,Farmer,High,9000004270
C04272,Citizen_4272,M,1983-07-08,Farmer,High,9000004271
C04273,Citizen_4273,M,1996-03-21,Business Owner,High,9000004272
C04274,Citizen_4274,M,1992-08-08,Private Employee,Low,9000004273
C04275,Citizen_4275,M,1990-11-23,Government Employee,Low,9000004274
C04276,Citizen_4276,M,2000-08-08,Unemployed,Middle,9000004275
C04277,Citizen_4277,F,1994-06-05,Private Employee,Low,9000004276
C04278,Citizen_4278,F,1968-01-03,Retired,Low,9000004277
C04279,Citizen_4279,F,1968-09-16,Business Owner,High,9000004278
C04280,Citizen_4280,M,1987-11-23,Private Employee,Middle,9000004279
C04281,Citizen_4281,F,2008-04-21,Unemployed,Middle,9000004280
C04282,Citizen_4282,M,1970-10-24,Student,Middle,9000004281
C04283,Citizen_4283,F,1965-11-23,Farmer,Low,9000004282
C04284,Citizen_4284,F,1965-01-17,Agricultural Labour,High,9000004283
C04285,Citizen_4285,F,2004-09-25,Business Owner,High,9000004284
C04286,Citizen_4286,M,1968-07-06,Government Employee,High,9000004285
C04287,Citizen_4287,M,1960-04-14,Farmer,Middle,9000004286
C04288,Citizen_4288,M,1968-04-11,Farmer,Low,9000004287
C04289,Citizen_4289,M,1960-12-07,Business Owner,High,9000004288
C04290,Citizen_4290,M,2000-05-07,Retired,Middle,9000004289
C04291,Citizen_4291,M,1996-02-14,Private Employee,High,9000004290
C04292,Citizen_4292,M,1998-02-28,Unemployed,High,9000004291
C04293,Citizen_4293,F,1974-02-14,Unemployed,High,9000004292
C04294,Citizen_4294,F,1995-08-24,Business Owner,Low,9000004293
C04295,Citizen_4295,M,1973-01-09,Student,Middle,9000004294
C04296,Citizen_4296,F,1964-01-13,Agricultural Labour,Middle,9000004295
C04297,Citizen_4297,F,1976-10-15,Farmer,Low,9000004296
C04298,Citizen_4298,F,1978-12-11,Farmer,Low,9000004297
C04299,Citizen_4299,F,2006-11-04,Retired,Middle,9000004298
C04300,Citizen_4300,F,1969-10-14,Private Employee,High,9000004299
C04301,Citizen_4301,M,1997-03-10,Agricultural Labour,Low,9000004300
C04302,Citizen_4302,F,1960-06-27,Farmer,High,9000004301
C04303,Citizen_4303,F,1999-10-23,Unemployed,Low,9000004302
C04304,Citizen_4304,M,1967-06-27,Private Employee,High,9000004303
C04305,Citizen_4305,F,1983-03-23,Government Employee,High,9000004304
C04306,Citizen_4306,M,1968-11-26,Farmer,Middle,9000004305
C04307,Citizen_4307,M,1989-11-15,Business Owner,Low,9000004306
C04308,Citizen_4308,F,1977-12-02,Business Owner,Middle,9000004307
C04309,Citizen_4309,F,1971-06-24,Government Employee,High,9000004308
C04310,Citizen_4310,F,1962-02-03,Agricultural Labour,Middle,9000004309
C04311,Citizen_4311,M,1980-06-17,Unemployed,Low,9000004310
C04312,Citizen_4312,F,1988-12-18,Private Employee,Middle,9000004311
C04313,Citizen_4313,M,1974-02-15,Business Owner,High,9000004312
C04314,Citizen_4314,M,1975-01-09,Student,High,9000004313
C04315,Citizen_4315,M,2005-10-16,Agricultural Labour,High,9000004314
C04316,Citizen_4316,F,1964-05-27,Private Employee,Low,9000004315
C04317,Citizen_4317,M,1983-12-11,Business Owner,High,9000004316
C04318,Citizen_4318,F,1998-03-02,Student,High,9000004317
C04319,Citizen_4319,F,1996-07-15,Student,Middle,9000004318
C04320,Citizen_4320,F,1998-10-28,Agricultural Labour,Low,9000004319
C04321,Citizen_4321,M,2010-08-19,Government Employee,Low,9000004320
C04322,Citizen_4322,F,2008-06-15,Unemployed,Low,9000004321
C04323,Citizen_4323,F,1976-06-25,Agricultural Labour,Low,9000004322
C04324,Citizen_4324,F,1960-09-19,Student,High,9000004323
C04325,Citizen_4325,F,1962-02-12,Private Employee,Low,9000004324
C04326,Citizen_4326,M,2009-04-07,Unemployed,High,9000004325
C04327,Citizen_4327,F,1963-01-17,Government Employee,Middle,9000004326
C04328,Citizen_4328,F,1987-11-24,Agricultural Labour,Low,9000004327
C04329,Citizen_4329,M,1960-11-16,Business Owner,Middle,9000004328
C04330,Citizen_4330,M,2007-02-24,Government Employee,High,9000004329
C04331,Citizen_4331,F,1996-10-05,Retired,Low,9000004330
C04332,Citizen_4332,F,2004-07-02,Government Employee,Low,9000004331
C04333,Citizen_4333,F,2007-09-17,Student,Low,9000004332
C04334,Citizen_4334,F,2006-11-18,Unemployed,High,9000004333
C04335,Citizen_4335,M,1994-05-25,Government Employee,High,9000004334
C04336,Citizen_4336,F,1985-12-08,Farmer,High,9000004335
C04337,Citizen_4337,M,2001-01-16,Government Employee,Middle,9000004336
C04338,Citizen_4338,F,1999-10-20,Business Owner,Middle,9000004337
C04339,Citizen_4339,F,1989-11-21,Business Owner,Middle,9000004338
C04340,Citizen_4340,F,1967-01-15,Unemployed,High,9000004339
C04341,Citizen_4341,M,2007-07-05,Unemployed,High,9000004340
C04342,Citizen_4342,F,1978-11-08,Business Owner,Middle,9000004341
C04343,Citizen_4343,F,1996-02-23,Unemployed,Low,9000004342
C04344,Citizen_4344,F,1975-06-19,Government Employee,High,9000004343
C04345,Citizen_4345,F,2000-11-23,Farmer,Middle,9000004344
C04346,Citizen_4346,F,1983-09-28,Student,Middle,9000004345
C04347,Citizen_4347,M,2003-08-11,Unemployed,High,9000004346
C04348,Citizen_4348,M,1984-08-17,Business Owner,Low,9000004347
C04349,Citizen_4349,F,2003-01-16,Government Employee,Low,9000004348
C04350,Citizen_4350,F,2001-11-04,Retired,Middle,9000004349
C04351,Citizen_4351,F,1966-11-21,Government Employee,Middle,9000004350
C04352,Citizen_4352,M,2001-11-01,Retired,High,9000004351
C04353,Citizen_4353,M,1984-10-06,Private Employee,Low,9000004352
C04354,Citizen_4354,M,2005-12-17,Student,Middle,9000004353
C04355,Citizen_4355,M,1975-04-14,Student,Low,9000004354
C04356,Citizen_4356,F,2003-01-24,Private Employee,Low,9000004355
C04357,Citizen_4357,M,2008-03-27,Unemployed,Middle,9000004356
C04358,Citizen_4358,M,1970-08-08,Student,High,9000004357
C04359,Citizen_4359,F,1967-05-20,Retired,Low,9000004358
C04360,Citizen_4360,F,1998-12-02,Government Employee,Low,9000004359
C04361,Citizen_4361,M,1975-05-16,Retired,Low,9000004360
C04362,Citizen_4362,F,1987-10-11,Farmer,High,9000004361
C04363,Citizen_4363,M,2005-06-11,Student,Middle,9000004362
C04364,Citizen_4364,F,1962-03-02,Farmer,Middle,9000004363
C04365,Citizen_4365,M,1990-05-03,Government Employee,Middle,9000004364
C04366,Citizen_4366,F,1976-06-19,Business Owner,Middle,9000004365
C04367,Citizen_4367,F,1967-03-04,Government Employee,High,9000004366
C04368,Citizen_4368,M,2000-03-16,Farmer,Middle,9000004367
C04369,Citizen_4369,F,1961-08-24,Unemployed,Low,9000004368
C04370,Citizen_4370,M,1970-03-18,Government Employee,High,9000004369
C04371,Citizen_4371,M,1983-07-10,Business Owner,Middle,9000004370
C04372,Citizen_4372,F,1975-11-01,Business Owner,Middle,9000004371
C04373,Citizen_4373,F,1980-06-19,Student,Low,9000004372
C04374,Citizen_4374,M,1986-04-23,Student,Middle,9000004373
C04375,Citizen_4375,M,1991-08-16,Business Owner,Low,9000004374
C04376,Citizen_4376,M,2001-03-16,Unemployed,Low,9000004375
C04377,Citizen_4377,M,1976-11-27,Unemployed,Low,9000004376
C04378,Citizen_4378,M,1993-03-23,Government Employee,Middle,9000004377
C04379,Citizen_4379,F,2006-11-27,Private Employee,Middle,9000004378
C04380,Citizen_4380,M,1971-11-06,Private Employee,Low,9000004379
C04381,Citizen_4381,F,1983-06-22,Farmer,Middle,9000004380
C04382,Citizen_4382,M,1989-10-02,Unemployed,High,9000004381
C04383,Citizen_4383,F,1961-12-03,Student,High,9000004382
C04384,Citizen_4384,M,1971-01-02,Government Employee,High,9000004383
C04385,Citizen_4385,M,1976-05-20,Farmer,Middle,9000004384
C04386,Citizen_4386,F,1998-08-06,Agricultural Labour,Middle,9000004385
C04387,Citizen_4387,M,2006-02-18,Government Employee,High,9000004386
C04388,Citizen_4388,M,2008-11-27,Government Employee,High,9000004387
C04389,Citizen_4389,M,2007-10-06,Unemployed,High,9000004388
C04390,Citizen_4390,M,1967-01-28,Student,Low,9000004389
C04391,Citizen_4391,M,1990-02-06,Private Employee,Middle,9000004390
C04392,Citizen_4392,M,1963-09-05,Private Employee,High,9000004391
C04393,Citizen_4393,M,2001-08-15,Business Owner,Low,9000004392
C04394,Citizen_4394,F,2009-01-11,Business Owner,High,9000004393
C04395,Citizen_4395,F,1991-12-18,Retired,Low,9000004394
C04396,Citizen_4396,M,1963-07-07,Private Employee,Low,9000004395
C04397,Citizen_4397,M,1965-03-14,Farmer,Middle,9000004396
C04398,Citizen_4398,F,1986-12-14,Student,High,9000004397
C04399,Citizen_4399,F,1968-12-09,Retired,Middle,9000004398
C04400,Citizen_4400,M,1996-07-27,Farmer,High,9000004399
C04401,Citizen_4401,F,1976-08-05,Business Owner,Middle,9000004400
C04402,Citizen_4402,M,1983-08-07,Retired,High,9000004401
C04403,Citizen_4403,F,2004-05-16,Retired,High,9000004402
C04404,Citizen_4404,F,1960-08-01,Business Owner,Middle,9000004403
C04405,Citizen_4405,F,1990-08-15,Farmer,Middle,9000004404
C04406,Citizen_4406,M,1969-10-17,Retired,Low,9000004405
C04407,Citizen_4407,F,1969-07-17,Farmer,High,9000004406
C04408,Citizen_4408,M,1992-03-13,Agricultural Labour,High,9000004407
C04409,Citizen_4409,F,1976-02-15,Farmer,Low,9000004408
C04410,Citizen_4410,F,1972-08-03,Unemployed,Low,9000004409
C04411,Citizen_4411,F,1984-12-23,Unemployed,High,9000004410
C04412,Citizen_4412,M,2010-04-03,Unemployed,Middle,9000004411
C04413,Citizen_4413,F,1990-10-27,Student,High,9000004412
C04414,Citizen_4414,M,1969-08-19,Government Employee,Low,9000004413
C04415,Citizen_4415,M,2008-05-05,Student,Low,9000004414
C04416,Citizen_4416,F,2003-11-09,Agricultural Labour,Middle,9000004415
C04417,Citizen_4417,M,1965-10-20,Agricultural Labour,High,9000004416
C04418,Citizen_4418,F,1995-01-17,Retired,Low,9000004417
C04419,Citizen_4419,M,1990-01-23,Unemployed,Middle,9000004418
C04420,Citizen_4420,M,1983-03-02,Retired,Middle,9000004419
C04421,Citizen_4421,M,2006-01-16,Business Owner,Low,9000004420
C04422,Citizen_4422,F,1974-04-14,Student,High,9000004421
C04423,Citizen_4423,F,1998-07-15,Private Employee,High,9000004422
C04424,Citizen_4424,F,1986-02-22,Farmer,Middle,9000004423
C04425,Citizen_4425,M,1965-01-27,Farmer,Low,9000004424
C04426,Citizen_4426,F,1963-02-16,Student,Low,9000004425
C04427,Citizen_4427,M,1960-06-02,Private Employee,Middle,9000004426
C04428,Citizen_4428,F,1996-08-06,Government Employee,High,9000004427
C04429,Citizen_4429,M,1962-02-01,Private Employee,High,9000004428
C04430,Citizen_4430,F,1983-10-26,Retired,Middle,9000004429
C04431,Citizen_4431,F,2003-12-21,Student,High,9000004430
C04432,Citizen_4432,M,1998-07-11,Retired,High,9000004431
C04433,Citizen_4433,F,1976-03-12,Private Employee,Middle,9000004432
C04434,Citizen_4434,F,2002-11-06,Farmer,Middle,9000004433
C04435,Citizen_4435,M,1985-05-04,Student,High,9000004434
C04436,Citizen_4436,M,1988-05-02,Student,Low,9000004435
C04437,Citizen_4437,M,1975-08-25,Government Employee,Middle,9000004436
C04438,Citizen_4438,F,2010-07-24,Retired,Middle,9000004437
C04439,Citizen_4439,M,2007-11-13,Farmer,High,9000004438
C04440,Citizen_4440,F,1981-08-25,Agricultural Labour,Middle,9000004439
C04441,Citizen_4441,F,1998-11-02,Student,High,9000004440
C04442,Citizen_4442,F,1999-12-13,Agricultural Labour,Middle,9000004441
C04443,Citizen_4443,F,1997-10-02,Farmer,Low,9000004442
C04444,Citizen_4444,F,1992-07-06,Business Owner,High,9000004443
C04445,Citizen_4445,M,2003-06-15,Business Owner,Middle,9000004444
C04446,Citizen_4446,F,1961-10-20,Unemployed,Low,9000004445
C04447,Citizen_4447,M,1976-06-25,Government Employee,Middle,9000004446
C04448,Citizen_4448,M,1988-12-19,Agricultural Labour,Low,9000004447
C04449,Citizen_4449,M,1965-12-02,Student,High,9000004448
C04450,Citizen_4450,M,1994-05-14,Unemployed,High,9000004449
C04451,Citizen_4451,F,1998-04-27,Private Employee,Low,9000004450
C04452,Citizen_4452,M,1982-10-14,Agricultural Labour,High,9000004451
C04453,Citizen_4453,M,1963-11-15,Government Employee,High,9000004452
C04454,Citizen_4454,F,2004-09-01,Farmer,Low,9000004453
C04455,Citizen_4455,M,2002-07-09,Private Employee,Middle,9000004454
C04456,Citizen_4456,F,2002-03-01,Student,Middle,9000004455
C04457,Citizen_4457,F,1994-03-27,Retired,High,9000004456
C04458,Citizen_4458,M,2005-10-05,Agricultural Labour,Middle,9000004457
C04459,Citizen_4459,F,2003-05-20,Business Owner,Middle,9000004458
C04460,Citizen_4460,F,1984-01-10,Private Employee,High,9000004459
C04461,Citizen_4461,M,1989-02-16,Business Owner,High,9000004460
C04462,Citizen_4462,F,2010-03-03,Business Owner,Middle,9000004461
C04463,Citizen_4463,M,1989-03-16,Student,High,9000004462
C04464,Citizen_4464,M,1977-06-26,Private Employee,High,9000004463
C04465,Citizen_4465,M,1987-08-28,Unemployed,High,9000004464
C04466,Citizen_4466,F,1997-09-17,Retired,Middle,9000004465
C04467,Citizen_4467,F,1978-05-11,Business Owner,Middle,9000004466
C04468,Citizen_4468,F,1964-04-09,Farmer,Low,9000004467
C04469,Citizen_4469,M,2006-10-23,Government Employee,Middle,9000004468
C04470,Citizen_4470,M,2004-06-20,Unemployed,Low,9000004469
C04471,Citizen_4471,F,1981-11-03,Government Employee,Middle,9000004470
C04472,Citizen_4472,F,1975-09-20,Farmer,Low,9000004471
C04473,Citizen_4473,M,1977-09-10,Business Owner,Middle,9000004472
C04474,Citizen_4474,M,1987-12-26,Student,Middle,9000004473
C04475,Citizen_4475,M,1964-06-14,Unemployed,Low,9000004474
C04476,Citizen_4476,M,2004-04-28,Farmer,Middle,9000004475
C04477,Citizen_4477,M,2002-07-11,Business Owner,High,9000004476
C04478,Citizen_4478,M,1980-04-04,Unemployed,Low,9000004477
C04479,Citizen_4479,M,2005-03-15,Business Owner,Low,9000004478
C04480,Citizen_4480,M,1963-04-27,Retired,High,9000004479
C04481,Citizen_4481,M,2001-12-25,Retired,Low,9000004480
C04482,Citizen_4482,F,2000-11-06,Business Owner,Middle,9000004481
C04483,Citizen_4483,F,1982-07-07,Agricultural Labour,Low,9000004482
C04484,Citizen_4484,M,2000-02-07,Farmer,Middle,9000004483
C04485,Citizen_4485,M,1995-08-18,Farmer,Middle,9000004484
C04486,Citizen_4486,F,1964-06-23,Business Owner,Middle,9000004485
C04487,Citizen_4487,F,1992-07-13,Government Employee,Middle,9000004486
C04488,Citizen_4488,F,1980-12-27,Business Owner,Low,9000004487
C04489,Citizen_4489,M,1970-11-28,Private Employee,Middle,9000004488
C04490,Citizen_4490,M,1964-03-22,Unemployed,Middle,9000004489
C04491,Citizen_4491,M,1980-10-09,Unemployed,High,9000004490
C04492,Citizen_4492,F,1971-09-17,Private Employee,High,9000004491
C04493,Citizen_4493,F,1988-01-11,Private Employee,Low,9000004492
C04494,Citizen_4494,M,1965-11-08,Private Employee,High,9000004493
C04495,Citizen_4495,F,1965-12-25,Private Employee,Low,9000004494
C04496,Citizen_4496,M,1961-04-28,Unemployed,Middle,9000004495
C04497,Citizen_4497,F,1978-03-26,Retired,High,9000004496
C04498,Citizen_4498,F,1994-07-05,Unemployed,High,9000004497
C04499,Citizen_4499,F,1971-08-05,Retired,High,9000004498
C04500,Citizen_4500,F,1961-12-08,Private Employee,Low,9000004499
C04501,Citizen_4501,F,1988-09-08,Business Owner,Middle,9000004500
C04502,Citizen_4502,M,2007-01-14,Private Employee,High,9000004501
C04503,Citizen_4503,M,1974-05-21,Student,High,9000004502
C04504,Citizen_4504,F,1990-04-11,Unemployed,Low,9000004503
C04505,Citizen_4505,M,2001-03-28,Retired,Middle,9000004504
C04506,Citizen_4506,M,1963-05-11,Government Employee,Middle,9000004505
C04507,Citizen_4507,F,2005-10-16,Government Employee,Low,9000004506
C04508,Citizen_4508,M,2009-08-08,Private Employee,Low,9000004507
C04509,Citizen_4509,F,1988-01-10,Private Employee,Middle,9000004508
C04510,Citizen_4510,M,2008-12-05,Student,Middle,9000004509
C04511,Citizen_4511,F,1978-07-17,Government Employee,High,9000004510
C04512,Citizen_4512,F,1989-11-02,Business Owner,Low,9000004511
C04513,Citizen_4513,M,1986-08-18,Agricultural Labour,Middle,9000004512
C04514,Citizen_4514,F,2000-05-13,Retired,Low,9000004513
C04515,Citizen_4515,F,2010-06-13,Farmer,Middle,9000004514
C04516,Citizen_4516,F,1992-11-09,Unemployed,Middle,9000004515
C04517,Citizen_4517,M,1973-03-23,Private Employee,High,9000004516
C04518,Citizen_4518,M,2004-03-10,Student,Middle,9000004517
C04519,Citizen_4519,F,2004-08-01,Farmer,High,9000004518
C04520,Citizen_4520,F,1970-04-22,Business Owner,Middle,9000004519
C04521,Citizen_4521,F,1970-07-09,Farmer,Middle,9000004520
C04522,Citizen_4522,F,1961-11-18,Student,Low,9000004521
C04523,Citizen_4523,M,1965-03-23,Farmer,Low,9000004522
C04524,Citizen_4524,M,1996-09-01,Agricultural Labour,Low,9000004523
C04525,Citizen_4525,F,1965-07-05,Government Employee,Low,9000004524
C04526,Citizen_4526,F,1987-09-20,Farmer,Middle,9000004525
C04527,Citizen_4527,M,1962-09-22,Farmer,Low,9000004526
C04528,Citizen_4528,F,1973-04-15,Business Owner,Low,9000004527
C04529,Citizen_4529,F,1985-08-01,Private Employee,High,9000004528
C04530,Citizen_4530,F,1991-03-17,Retired,Low,9000004529
C04531,Citizen_4531,F,1984-06-20,Unemployed,High,9000004530
C04532,Citizen_4532,F,1989-12-19,Business Owner,Middle,9000004531
C04533,Citizen_4533,F,1981-10-11,Student,Middle,9000004532
C04534,Citizen_4534,M,1981-06-21,Government Employee,High,9000004533
C04535,Citizen_4535,F,1968-10-23,Agricultural Labour,Middle,9000004534
C04536,Citizen_4536,M,1979-09-12,Business Owner,Low,9000004535
C04537,Citizen_4537,M,1999-06-06,Student,Low,9000004536
C04538,Citizen_4538,F,1969-01-15,Private Employee,Low,9000004537
C04539,Citizen_4539,F,2001-06-04,Agricultural Labour,High,9000004538
C04540,Citizen_4540,M,1965-05-27,Student,Middle,9000004539
C04541,Citizen_4541,F,2005-05-11,Private Employee,Low,9000004540
C04542,Citizen_4542,M,1962-11-05,Retired,High,9000004541
C04543,Citizen_4543,F,2008-10-09,Retired,Low,9000004542
C04544,Citizen_4544,M,1992-12-25,Private Employee,Middle,9000004543
C04545,Citizen_4545,M,1972-12-12,Government Employee,Low,9000004544
C04546,Citizen_4546,M,2010-03-24,Business Owner,Middle,9000004545
C04547,Citizen_4547,M,2007-12-06,Government Employee,Middle,9000004546
C04548,Citizen_4548,M,1978-11-27,Farmer,High,9000004547
C04549,Citizen_4549,F,1965-03-26,Agricultural Labour,High,9000004548
C04550,Citizen_4550,M,1983-12-27,Private Employee,Middle,9000004549
C04551,Citizen_4551,F,1996-06-19,Farmer,High,9000004550
C04552,Citizen_4552,M,1978-08-20,Business Owner,Low,9000004551
C04553,Citizen_4553,M,2001-04-05,Student,Middle,9000004552
C04554,Citizen_4554,F,1960-02-18,Agricultural Labour,Low,9000004553
C04555,Citizen_4555,M,1979-12-24,Government Employee,Middle,9000004554
C04556,Citizen_4556,F,1990-02-07,Government Employee,High,9000004555
C04557,Citizen_4557,F,2004-03-15,Unemployed,High,9000004556
C04558,Citizen_4558,F,1965-03-16,Government Employee,Middle,9000004557
C04559,Citizen_4559,M,1967-02-05,Farmer,Low,9000004558
C04560,Citizen_4560,M,2004-12-07,Agricultural Labour,Low,9000004559
C04561,Citizen_4561,M,1965-05-19,Business Owner,High,9000004560
C04562,Citizen_4562,M,1970-10-17,Farmer,High,9000004561
C04563,Citizen_4563,M,1997-07-22,Unemployed,Middle,9000004562
C04564,Citizen_4564,F,1970-04-04,Agricultural Labour,High,9000004563
C04565,Citizen_4565,M,1992-03-03,Government Employee,Low,9000004564
C04566,Citizen_4566,F,1985-09-24,Government Employee,Low,9000004565
C04567,Citizen_4567,F,1969-04-25,Unemployed,High,9000004566
C04568,Citizen_4568,F,1991-01-10,Agricultural Labour,Middle,9000004567
C04569,Citizen_4569,M,1960-11-07,Agricultural Labour,High,9000004568
C04570,Citizen_4570,M,1992-08-10,Farmer,Middle,9000004569
C04571,Citizen_4571,M,1967-04-24,Government Employee,Low,9000004570
C04572,Citizen_4572,M,2008-04-09,Business Owner,High,9000004571
C04573,Citizen_4573,F,1987-01-16,Agricultural Labour,Middle,9000004572
C04574,Citizen_4574,F,2009-07-12,Farmer,High,9000004573
C04575,Citizen_4575,F,1989-06-25,Private Employee,Middle,9000004574
C04576,Citizen_4576,F,1969-04-03,Unemployed,High,9000004575
C04577,Citizen_4577,M,1967-07-01,Government Employee,High,9000004576
C04578,Citizen_4578,F,2001-09-24,Agricultural Labour,Low,9000004577
C04579,Citizen_4579,M,1980-12-25,Retired,Low,9000004578
C04580,Citizen_4580,M,2008-10-20,Unemployed,Low,9000004579
C04581,Citizen_4581,M,1987-07-28,Retired,Low,9000004580
C04582,Citizen_4582,M,1982-10-20,Business Owner,Middle,9000004581
C04583,Citizen_4583,F,1985-11-20,Government Employee,High,9000004582
C04584,Citizen_4584,M,2009-04-07,Retired,Low,9000004583
C04585,Citizen_4585,M,1991-02-24,Student,High,9000004584
C04586,Citizen_4586,M,2010-01-19,Retired,Low,9000004585
C04587,Citizen_4587,F,2001-01-18,Unemployed,Low,9000004586
C04588,Citizen_4588,M,1971-04-10,Government Employee,Low,9000004587
C04589,Citizen_4589,F,1981-09-25,Retired,Middle,9000004588
C04590,Citizen_4590,F,2004-09-23,Government Employee,High,9000004589
C04591,Citizen_4591,M,1975-08-11,Farmer,High,9000004590
C04592,Citizen_4592,F,1971-03-17,Student,High,9000004591
C04593,Citizen_4593,M,2003-06-18,Student,High,9000004592
C04594,Citizen_4594,F,1982-06-28,Agricultural Labour,Low,9000004593
C04595,Citizen_4595,M,1996-07-26,Farmer,Low,9000004594
C04596,Citizen_4596,F,1993-03-25,Government Employee,Middle,9000004595
C04597,Citizen_4597,F,1994-09-07,Retired,Low,9000004596
C04598,Citizen_4598,F,1996-11-07,Private Employee,Low,9000004597
C04599,Citizen_4599,M,1962-05-23,Government Employee,Middle,9000004598
C04600,Citizen_4600,F,1988-06-17,Business Owner,Middle,9000004599
C04601,Citizen_4601,F,1977-09-14,Retired,High,9000004600
C04602,Citizen_4602,F,1966-07-08,Retired,Low,9000004601
C04603,Citizen_4603,M,1962-07-08,Agricultural Labour,Middle,9000004602
C04604,Citizen_4604,F,1982-03-19,Retired,Middle,9000004603
C04605,Citizen_4605,F,1962-02-09,Student,High,9000004604
C04606,Citizen_4606,F,1960-09-04,Agricultural Labour,High,9000004605
C04607,Citizen_4607,F,1976-02-12,Retired,Low,9000004606
C04608,Citizen_4608,M,2005-05-23,Government Employee,High,9000004607
C04609,Citizen_4609,F,1964-02-14,Unemployed,Low,9000004608
C04610,Citizen_4610,M,1979-07-01,Government Employee,Middle,9000004609
C04611,Citizen_4611,M,1965-09-20,Private Employee,Middle,9000004610
C04612,Citizen_4612,M,2010-06-11,Student,High,9000004611
C04613,Citizen_4613,F,1984-06-09,Private Employee,High,9000004612
C04614,Citizen_4614,F,1992-04-13,Business Owner,Low,9000004613
C04615,Citizen_4615,F,1988-02-09,Farmer,Low,9000004614
C04616,Citizen_4616,F,2003-05-21,Student,Middle,9000004615
C04617,Citizen_4617,F,1996-06-22,Unemployed,Middle,9000004616
C04618,Citizen_4618,M,1960-04-01,Agricultural Labour,Low,9000004617
C04619,Citizen_4619,F,2001-03-05,Retired,Low,9000004618
C04620,Citizen_4620,M,1993-07-26,Retired,Middle,9000004619
C04621,Citizen_4621,M,2004-02-21,Retired,High,9000004620
C04622,Citizen_4622,M,1984-09-08,Student,High,9000004621
C04623,Citizen_4623,M,1997-06-27,Retired,Low,9000004622
C04624,Citizen_4624,M,1976-01-25,Agricultural Labour,Middle,9000004623
C04625,Citizen_4625,F,1962-09-04,Agricultural Labour,Low,9000004624
C04626,Citizen_4626,F,2004-05-28,Farmer,Low,9000004625
C04627,Citizen_4627,F,1993-11-09,Business Owner,Low,9000004626
C04628,Citizen_4628,F,1989-01-01,Unemployed,Low,9000004627
C04629,Citizen_4629,F,1996-06-23,Student,High,9000004628
C04630,Citizen_4630,M,1979-03-20,Student,Middle,9000004629
C04631,Citizen_4631,F,1999-12-13,Unemployed,High,9000004630
C04632,Citizen_4632,F,1978-03-27,Agricultural Labour,High,9000004631
C04633,Citizen_4633,F,2004-12-12,Unemployed,Low,9000004632
C04634,Citizen_4634,F,1981-03-17,Farmer,Low,9000004633
C04635,Citizen_4635,M,1986-12-23,Agricultural Labour,High,9000004634
C04636,Citizen_4636,F,1973-05-10,Retired,High,9000004635
C04637,Citizen_4637,F,2004-06-19,Private Employee,Low,9000004636
C04638,Citizen_4638,F,2003-02-27,Unemployed,High,9000004637
C04639,Citizen_4639,M,1995-04-27,Private Employee,Middle,9000004638
C04640,Citizen_4640,F,2006-09-20,Retired,High,9000004639
C04641,Citizen_4641,M,2003-11-28,Farmer,Low,9000004640
C04642,Citizen_4642,M,1988-01-15,Agricultural Labour,Low,9000004641
C04643,Citizen_4643,F,2000-11-11,Retired,Middle,9000004642
C04644,Citizen_4644,M,2007-12-08,Farmer,Middle,9000004643
C04645,Citizen_4645,F,1995-05-03,Business Owner,Low,9000004644
C04646,Citizen_4646,M,1980-12-12,Private Employee,High,9000004645
C04647,Citizen_4647,M,2000-04-16,Private Employee,High,9000004646
C04648,Citizen_4648,F,2005-06-28,Unemployed,High,9000004647
C04649,Citizen_4649,F,1996-09-04,Government Employee,Low,9000004648
C04650,Citizen_4650,M,1986-06-13,Business Owner,High,9000004649
C04651,Citizen_4651,F,2005-08-04,Agricultural Labour,Middle,9000004650
C04652,Citizen_4652,M,2006-12-03,Retired,Low,9000004651
C04653,Citizen_4653,F,1964-12-01,Retired,High,9000004652
C04654,Citizen_4654,M,1967-07-04,Agricultural Labour,Middle,9000004653
C04655,Citizen_4655,F,1976-05-13,Agricultural Labour,Low,9000004654
C04656,Citizen_4656,M,1963-10-15,Student,Middle,9000004655
C04657,Citizen_4657,M,2006-05-28,Retired,Low,9000004656
C04658,Citizen_4658,F,2005-03-08,Retired,High,9000004657
C04659,Citizen_4659,F,1978-09-22,Retired,Middle,9000004658
C04660,Citizen_4660,M,1963-08-18,Agricultural Labour,High,9000004659
C04661,Citizen_4661,M,1981-04-06,Student,Low,9000004660
C04662,Citizen_4662,M,1965-11-24,Farmer,High,9000004661
C04663,Citizen_4663,M,2008-03-13,Retired,High,9000004662
C04664,Citizen_4664,M,1999-07-22,Unemployed,Middle,9000004663
C04665,Citizen_4665,M,1969-09-14,Student,High,9000004664
C04666,Citizen_4666,M,1995-04-27,Student,Middle,9000004665
C04667,Citizen_4667,M,1986-05-13,Private Employee,Low,9000004666
C04668,Citizen_4668,M,1960-04-22,Retired,Low,9000004667
C04669,Citizen_4669,M,1988-01-26,Government Employee,Middle,9000004668
C04670,Citizen_4670,M,1993-11-17,Unemployed,High,9000004669
C04671,Citizen_4671,F,2008-10-08,Private Employee,Low,9000004670
C04672,Citizen_4672,F,2010-12-02,Government Employee,Middle,9000004671
C04673,Citizen_4673,F,1998-03-22,Unemployed,Middle,9000004672
C04674,Citizen_4674,F,1994-08-28,Unemployed,High,9000004673
C04675,Citizen_4675,M,1999-07-12,Farmer,Middle,9000004674
C04676,Citizen_4676,F,2003-05-26,Student,Middle,9000004675
C04677,Citizen_4677,F,1988-03-14,Retired,Middle,9000004676
C04678,Citizen_4678,F,2003-05-03,Private Employee,High,9000004677
C04679,Citizen_4679,M,1988-10-09,Retired,Middle,9000004678
C04680,Citizen_4680,F,1960-01-07,Business Owner,Middle,9000004679
C04681,Citizen_4681,M,2008-03-02,Private Employee,Middle,9000004680
C04682,Citizen_4682,M,1985-10-08,Farmer,Low,9000004681
C04683,Citizen_4683,M,2007-07-22,Business Owner,Middle,9000004682
C04684,Citizen_4684,M,1983-08-08,Government Employee,Low,9000004683
C04685,Citizen_4685,M,1989-05-25,Farmer,High,9000004684
C04686,Citizen_4686,F,1974-06-03,Unemployed,High,9000004685
C04687,Citizen_4687,F,1969-11-05,Business Owner,Middle,9000004686
C04688,Citizen_4688,F,2007-08-12,Agricultural Labour,Low,9000004687
C04689,Citizen_4689,F,2005-09-07,Retired,High,9000004688
C04690,Citizen_4690,M,1963-12-26,Student,Low,9000004689
C04691,Citizen_4691,F,2006-07-20,Government Employee,Low,9000004690
C04692,Citizen_4692,M,1991-07-08,Government Employee,Middle,9000004691
C04693,Citizen_4693,M,1969-09-12,Unemployed,Low,9000004692
C04694,Citizen_4694,M,1989-03-26,Government Employee,Middle,9000004693
C04695,Citizen_4695,M,1971-06-25,Government Employee,Low,9000004694
C04696,Citizen_4696,M,1974-04-23,Retired,High,9000004695
C04697,Citizen_4697,M,1960-09-23,Business Owner,Low,9000004696
C04698,Citizen_4698,M,1976-01-07,Retired,Low,9000004697
C04699,Citizen_4699,F,1972-04-08,Government Employee,High,9000004698
C04700,Citizen_4700,M,2000-11-18,Government Employee,High,9000004699
C04701,Citizen_4701,F,1983-07-21,Agricultural Labour,Low,9000004700
C04702,Citizen_4702,F,2001-08-18,Farmer,Middle,9000004701
C04703,Citizen_4703,F,1974-08-04,Student,High,9000004702
C04704,Citizen_4704,M,1990-07-19,Unemployed,High,9000004703
C04705,Citizen_4705,M,2001-11-13,Business Owner,Middle,9000004704
C04706,Citizen_4706,F,1979-05-24,Private Employee,Low,9000004705
C04707,Citizen_4707,F,1991-11-23,Government Employee,Middle,9000004706
C04708,Citizen_4708,M,1987-05-01,Student,Low,9000004707
C04709,Citizen_4709,M,2000-08-07,Unemployed,High,9000004708
C04710,Citizen_4710,F,1999-04-09,Private Employee,High,9000004709
C04711,Citizen_4711,M,2000-10-02,Government Employee,High,9000004710
C04712,Citizen_4712,F,1999-10-15,Government Employee,High,9000004711
C04713,Citizen_4713,M,1965-12-12,Farmer,Low,9000004712
C04714,Citizen_4714,M,1966-10-17,Student,High,9000004713
C04715,Citizen_4715,F,1982-06-25,Agricultural Labour,High,9000004714
C04716,Citizen_4716,M,1968-06-01,Unemployed,Middle,9000004715
C04717,Citizen_4717,F,2007-11-17,Unemployed,High,9000004716
C04718,Citizen_4718,M,1985-11-15,Government Employee,Middle,9000004717
C04719,Citizen_4719,F,1986-08-03,Business Owner,High,9000004718
C04720,Citizen_4720,F,1975-03-18,Student,High,9000004719
C04721,Citizen_4721,M,2006-01-08,Student,Low,9000004720
C04722,Citizen_4722,F,1969-08-13,Private Employee,Low,9000004721
C04723,Citizen_4723,M,1980-06-19,Unemployed,Low,9000004722
C04724,Citizen_4724,F,1978-04-19,Unemployed,Low,9000004723
C04725,Citizen_4725,F,1999-06-20,Business Owner,Low,9000004724
C04726,Citizen_4726,M,1995-10-12,Student,High,9000004725
C04727,Citizen_4727,F,1986-06-14,Student,Low,9000004726
C04728,Citizen_4728,M,1990-01-17,Retired,Low,9000004727
C04729,Citizen_4729,M,1963-03-24,Agricultural Labour,Low,9000004728
C04730,Citizen_4730,M,2007-08-07,Unemployed,High,9000004729
C04731,Citizen_4731,F,1974-11-24,Private Employee,Middle,9000004730
C04732,Citizen_4732,F,2002-08-07,Private Employee,Low,9000004731
C04733,Citizen_4733,M,1978-09-15,Business Owner,High,9000004732
C04734,Citizen_4734,M,1998-02-14,Unemployed,Low,9000004733
C04735,Citizen_4735,M,1997-02-02,Farmer,Middle,9000004734
C04736,Citizen_4736,F,1985-12-24,Farmer,High,9000004735
C04737,Citizen_4737,F,1973-12-05,Unemployed,Middle,9000004736
C04738,Citizen_4738,F,2008-08-25,Government Employee,High,9000004737
C04739,Citizen_4739,F,1992-06-20,Student,High,9000004738
C04740,Citizen_4740,F,1965-08-14,Farmer,High,9000004739
C04741,Citizen_4741,M,1998-04-16,Agricultural Labour,Middle,9000004740
C04742,Citizen_4742,F,2009-12-22,Student,High,9000004741
C04743,Citizen_4743,M,1960-05-12,Retired,Low,9000004742
C04744,Citizen_4744,F,1986-07-19,Business Owner,Middle,9000004743
C04745,Citizen_4745,F,2010-04-23,Government Employee,High,9000004744
C04746,Citizen_4746,F,2009-09-02,Student,Low,9000004745
C04747,Citizen_4747,M,2002-06-13,Unemployed,Middle,9000004746
C04748,Citizen_4748,M,1995-04-15,Business Owner,High,9000004747
C04749,Citizen_4749,F,1988-02-19,Government Employee,Middle,9000004748
C04750,Citizen_4750,F,1975-05-12,Farmer,High,9000004749
C04751,Citizen_4751,F,1992-06-20,Government Employee,High,9000004750
C04752,Citizen_4752,M,1985-03-24,Student,Low,9000004751
C04753,Citizen_4753,M,1975-01-17,Unemployed,Middle,9000004752
C04754,Citizen_4754,F,1998-11-06,Business Owner,Low,9000004753
C04755,Citizen_4755,F,2009-04-12,Business Owner,High,9000004754
C04756,Citizen_4756,F,1998-06-06,Agricultural Labour,Low,9000004755
C04757,Citizen_4757,M,2003-06-13,Farmer,Low,9000004756
C04758,Citizen_4758,F,1964-01-17,Farmer,Low,9000004757
C04759,Citizen_4759,F,1979-07-20,Business Owner,Middle,9000004758
C04760,Citizen_4760,F,1960-05-19,Farmer,Low,9000004759
C04761,Citizen_4761,F,1985-05-15,Business Owner,Middle,9000004760
C04762,Citizen_4762,F,2007-10-04,Agricultural Labour,Middle,9000004761
C04763,Citizen_4763,M,1971-03-04,Student,Low,9000004762
C04764,Citizen_4764,M,2006-10-27,Unemployed,High,9000004763
C04765,Citizen_4765,F,1982-09-26,Unemployed,High,9000004764
C04766,Citizen_4766,M,2000-10-21,Farmer,Low,9000004765
C04767,Citizen_4767,F,1967-06-17,Government Employee,Low,9000004766
C04768,Citizen_4768,M,1983-03-28,Unemployed,High,9000004767
C04769,Citizen_4769,F,1960-02-27,Government Employee,High,9000004768
C04770,Citizen_4770,F,1980-12-01,Farmer,Low,9000004769
C04771,Citizen_4771,F,2010-08-07,Farmer,Low,9000004770
C04772,Citizen_4772,M,1964-03-28,Business Owner,Middle,9000004771
C04773,Citizen_4773,F,1966-09-03,Student,High,9000004772
C04774,Citizen_4774,M,1984-12-21,Agricultural Labour,High,9000004773
C04775,Citizen_4775,F,1998-10-25,Agricultural Labour,Low,9000004774
C04776,Citizen_4776,F,2000-12-12,Farmer,Middle,9000004775
C04777,Citizen_4777,F,1967-10-04,Government Employee,High,9000004776
C04778,Citizen_4778,F,1994-08-03,Unemployed,High,9000004777
C04779,Citizen_4779,F,1964-08-01,Farmer,High,9000004778
C04780,Citizen_4780,F,1999-03-20,Government Employee,High,9000004779
C04781,Citizen_4781,M,2008-09-23,Student,Low,9000004780
C04782,Citizen_4782,F,2004-02-20,Unemployed,Low,9000004781
C04783,Citizen_4783,M,1997-04-07,Private Employee,Low,9000004782
C04784,Citizen_4784,M,1977-10-12,Private Employee,Low,9000004783
C04785,Citizen_4785,M,1996-05-02,Farmer,Low,9000004784
C04786,Citizen_4786,F,2003-02-16,Retired,Middle,9000004785
C04787,Citizen_4787,F,1984-03-23,Retired,Middle,9000004786
C04788,Citizen_4788,M,1984-07-04,Agricultural Labour,High,9000004787
C04789,Citizen_4789,M,1986-12-05,Farmer,High,9000004788
C04790,Citizen_4790,M,1963-07-19,Student,Low,9000004789
C04791,Citizen_4791,F,1980-08-22,Agricultural Labour,Low,9000004790
C04792,Citizen_4792,M,1967-09-14,Farmer,High,9000004791
C04793,Citizen_4793,M,1994-02-04,Private Employee,High,9000004792
C04794,Citizen_4794,M,2003-10-28,Government Employee,Low,9000004793
C04795,Citizen_4795,M,1971-06-12,Retired,High,9000004794
C04796,Citizen_4796,M,1963-07-26,Private Employee,Low,9000004795
C04797,Citizen_4797,M,2010-05-27,Student,High,9000004796
C04798,Citizen_4798,F,1995-11-23,Agricultural Labour,Low,9000004797
C04799,Citizen_4799,F,2000-02-19,Unemployed,High,9000004798
C04800,Citizen_4800,M,1978-06-01,Student,Low,9000004799
C04801,Citizen_4801,M,1964-03-25,Farmer,Low,9000004800
C04802,Citizen_4802,F,1960-09-04,Unemployed,Middle,9000004801
C04803,Citizen_4803,M,2004-09-25,Farmer,Middle,9000004802
C04804,Citizen_4804,F,2007-07-27,Farmer,High,9000004803
C04805,Citizen_4805,M,2004-10-16,Agricultural Labour,Middle,9000004804
C04806,Citizen_4806,M,2009-09-27,Government Employee,Middle,9000004805
C04807,Citizen_4807,F,1996-06-09,Business Owner,High,9000004806
C04808,Citizen_4808,F,1961-07-01,Student,High,9000004807
C04809,Citizen_4809,M,1986-03-23,Retired,Middle,9000004808
C04810,Citizen_4810,F,1985-07-20,Government Employee,High,9000004809
C04811,Citizen_4811,F,1996-11-02,Retired,Middle,9000004810
C04812,Citizen_4812,M,1998-05-03,Business Owner,Low,9000004811
C04813,Citizen_4813,M,1978-10-12,Retired,High,9000004812
C04814,Citizen_4814,F,1987-03-11,Government Employee,High,9000004813
C04815,Citizen_4815,F,1989-07-25,Unemployed,High,9000004814
C04816,Citizen_4816,M,1998-06-07,Farmer,Low,9000004815
C04817,Citizen_4817,F,1978-08-05,Unemployed,Low,9000004816
C04818,Citizen_4818,F,1978-11-23,Unemployed,High,9000004817
C04819,Citizen_4819,F,1997-01-05,Unemployed,Low,9000004818
C04820,Citizen_4820,F,1984-02-04,Unemployed,Middle,9000004819
C04821,Citizen_4821,M,2009-12-18,Unemployed,Middle,9000004820
C04822,Citizen_4822,M,2009-04-10,Private Employee,Middle,9000004821
C04823,Citizen_4823,F,1995-10-21,Unemployed,Middle,9000004822
C04824,Citizen_4824,M,1967-07-12,Unemployed,Low,9000004823
C04825,Citizen_4825,F,2007-08-27,Business Owner,Low,9000004824
C04826,Citizen_4826,M,1964-06-27,Retired,Low,9000004825
C04827,Citizen_4827,M,1965-12-05,Student,Low,9000004826
C04828,Citizen_4828,F,1971-04-11,Private Employee,Middle,9000004827
C04829,Citizen_4829,F,1962-01-17,Student,High,9000004828
C04830,Citizen_4830,F,1998-07-03,Retired,Low,9000004829
C04831,Citizen_4831,M,1983-01-11,Private Employee,Low,9000004830
C04832,Citizen_4832,F,2006-04-11,Government Employee,Low,9000004831
C04833,Citizen_4833,M,2006-02-17,Business Owner,Middle,9000004832
C04834,Citizen_4834,F,1961-06-20,Government Employee,Middle,9000004833
C04835,Citizen_4835,M,1975-03-05,Agricultural Labour,Low,9000004834
C04836,Citizen_4836,M,1969-10-09,Business Owner,High,9000004835
C04837,Citizen_4837,M,2006-02-26,Business Owner,High,9000004836
C04838,Citizen_4838,M,1977-01-26,Retired,High,9000004837
C04839,Citizen_4839,M,1976-12-26,Government Employee,High,9000004838
C04840,Citizen_4840,F,1990-10-25,Private Employee,High,9000004839
C04841,Citizen_4841,F,1962-03-04,Agricultural Labour,Middle,9000004840
C04842,Citizen_4842,M,1974-02-07,Retired,High,9000004841
C04843,Citizen_4843,M,1992-02-21,Farmer,Low,9000004842
C04844,Citizen_4844,F,1969-05-06,Unemployed,Middle,9000004843
C04845,Citizen_4845,F,1993-10-25,Unemployed,Low,9000004844
C04846,Citizen_4846,F,1983-09-16,Retired,Middle,9000004845
C04847,Citizen_4847,F,1968-07-07,Business Owner,High,9000004846
C04848,Citizen_4848,M,1972-12-25,Retired,High,9000004847
C04849,Citizen_4849,M,1980-05-10,Private Employee,Low,9000004848
C04850,Citizen_4850,F,1972-06-04,Agricultural Labour,Middle,9000004849
C04851,Citizen_4851,M,1995-01-11,Farmer,Low,9000004850
C04852,Citizen_4852,F,1981-06-08,Private Employee,High,9000004851
C04853,Citizen_4853,F,1970-01-09,Retired,Middle,9000004852
C04854,Citizen_4854,F,1987-07-13,Farmer,High,9000004853
C04855,Citizen_4855,M,1994-09-16,Business Owner,Middle,9000004854
C04856,Citizen_4856,F,1965-12-22,Private Employee,Low,9000004855
C04857,Citizen_4857,F,1980-04-03,Government Employee,High,9000004856
C04858,Citizen_4858,F,1995-06-20,Government Employee,Low,9000004857
C04859,Citizen_4859,F,2009-12-05,Unemployed,Low,9000004858
C04860,Citizen_4860,M,2002-11-02,Retired,Middle,9000004859
C04861,Citizen_4861,M,1976-05-08,Farmer,High,9000004860
C04862,Citizen_4862,M,1960-07-03,Business Owner,Middle,9000004861
C04863,Citizen_4863,F,1969-10-26,Unemployed,Middle,9000004862
C04864,Citizen_4864,F,2005-08-10,Business Owner,Low,9000004863
C04865,Citizen_4865,M,1964-10-26,Retired,Low,9000004864
C04866,Citizen_4866,M,2003-06-08,Government Employee,Low,9000004865
C04867,Citizen_4867,F,2010-10-15,Private Employee,High,9000004866
C04868,Citizen_4868,F,1999-08-01,Agricultural Labour,Low,9000004867
C04869,Citizen_4869,M,2007-04-26,Business Owner,Low,9000004868
C04870,Citizen_4870,F,1979-10-20,Retired,Middle,9000004869
C04871,Citizen_4871,F,1995-12-14,Agricultural Labour,High,9000004870
C04872,Citizen_4872,M,1990-09-13,Farmer,High,9000004871
C04873,Citizen_4873,M,1967-06-19,Private Employee,Middle,9000004872
C04874,Citizen_4874,F,1973-08-14,Government Employee,High,9000004873
C04875,Citizen_4875,M,1991-05-19,Farmer,Low,9000004874
C04876,Citizen_4876,M,1967-03-06,Private Employee,Low,9000004875
C04877,Citizen_4877,F,1976-09-02,Retired,Low,9000004876
C04878,Citizen_4878,F,1988-04-22,Agricultural Labour,Middle,9000004877
C04879,Citizen_4879,M,1985-09-15,Business Owner,Middle,9000004878
C04880,Citizen_4880,F,2006-08-09,Farmer,Middle,9000004879
C04881,Citizen_4881,M,1974-07-13,Unemployed,Middle,9000004880
C04882,Citizen_4882,F,1960-01-22,Retired,Middle,9000004881
C04883,Citizen_4883,M,1970-09-28,Private Employee,Low,9000004882
C04884,Citizen_4884,M,2010-11-21,Private Employee,Low,9000004883
C04885,Citizen_4885,M,1992-07-28,Private Employee,Middle,9000004884
C04886,Citizen_4886,F,2008-08-05,Unemployed,Middle,9000004885
C04887,Citizen_4887,M,1998-04-07,Farmer,Middle,9000004886
C04888,Citizen_4888,F,2001-10-27,Unemployed,High,9000004887
C04889,Citizen_4889,M,2002-01-13,Unemployed,High,9000004888
C04890,Citizen_4890,F,1962-05-18,Student,Low,9000004889
C04891,Citizen_4891,M,1971-04-09,Business Owner,Low,9000004890
C04892,Citizen_4892,F,1993-12-09,Agricultural Labour,Low,9000004891
C04893,Citizen_4893,F,1987-06-04,Private Employee,Middle,9000004892
C04894,Citizen_4894,M,1967-01-28,Unemployed,High,9000004893
C04895,Citizen_4895,M,1989-09-22,Agricultural Labour,Middle,9000004894
C04896,Citizen_4896,M,1979-09-23,Government Employee,Middle,9000004895
C04897,Citizen_4897,F,2000-09-04,Agricultural Labour,High,9000004896
C04898,Citizen_4898,F,2006-06-19,Student,Middle,9000004897
C04899,Citizen_4899,F,1996-05-06,Agricultural Labour,High,9000004898
C04900,Citizen_4900,M,1991-10-25,Government Employee,Low,9000004899
C04901,Citizen_4901,M,2008-07-07,Unemployed,Middle,9000004900
C04902,Citizen_4902,F,1971-08-13,Retired,Middle,9000004901
C04903,Citizen_4903,F,1990-08-12,Government Employee,Middle,9000004902
C04904,Citizen_4904,F,1964-04-27,Business Owner,Low,9000004903
C04905,Citizen_4905,F,1976-10-03,Student,Low,9000004904
C04906,Citizen_4906,M,1995-11-18,Business Owner,Low,9000004905
C04907,Citizen_4907,F,2010-08-28,Private Employee,Low,9000004906
C04908,Citizen_4908,M,1998-10-01,Retired,Middle,9000004907
C04909,Citizen_4909,M,1983-01-02,Agricultural Labour,Low,9000004908
C04910,Citizen_4910,M,1974-10-04,Student,Middle,9000004909
C04911,Citizen_4911,M,1979-05-06,Government Employee,Middle,9000004910
C04912,Citizen_4912,F,1991-10-06,Agricultural Labour,Middle,9000004911
C04913,Citizen_4913,M,1965-01-28,Unemployed,Low,9000004912
C04914,Citizen_4914,F,2009-05-27,Retired,High,9000004913
C04915,Citizen_4915,M,1979-11-26,Agricultural Labour,Middle,9000004914
C04916,Citizen_4916,F,1974-09-22,Farmer,Middle,9000004915
C04917,Citizen_4917,F,1999-10-13,Retired,High,9000004916
C04918,Citizen_4918,M,1984-08-06,Farmer,High,9000004917
C04919,Citizen_4919,F,1967-01-26,Private Employee,Low,9000004918
C04920,Citizen_4920,F,1971-07-10,Government Employee,High,9000004919
C04921,Citizen_4921,M,1963-06-17,Unemployed,High,9000004920
C04922,Citizen_4922,F,1970-05-12,Retired,Low,9000004921
C04923,Citizen_4923,F,1983-11-15,Government Employee,Low,9000004922
C04924,Citizen_4924,F,1989-01-04,Agricultural Labour,High,9000004923
C04925,Citizen_4925,F,1979-11-20,Agricultural Labour,Middle,9000004924
C04926,Citizen_4926,F,1973-11-26,Private Employee,High,9000004925
C04927,Citizen_4927,F,1960-10-14,Student,Middle,9000004926
C04928,Citizen_4928,F,2008-02-02,Student,High,9000004927
C04929,Citizen_4929,F,1972-06-17,Unemployed,Middle,9000004928
C04930,Citizen_4930,F,1973-12-07,Unemployed,Middle,9000004929
C04931,Citizen_4931,F,1991-01-06,Unemployed,Low,9000004930
C04932,Citizen_4932,M,1991-07-27,Retired,High,9000004931
C04933,Citizen_4933,F,2008-06-20,Unemployed,Middle,9000004932
C04934,Citizen_4934,F,1993-08-21,Unemployed,Middle,9000004933
C04935,Citizen_4935,F,1997-11-09,Retired,High,9000004934
C04936,Citizen_4936,M,1982-06-27,Government Employee,Middle,9000004935
C04937,Citizen_4937,F,1976-06-21,Farmer,High,9000004936
C04938,Citizen_4938,M,1976-01-25,Student,Low,9000004937
C04939,Citizen_4939,F,1991-03-20,Farmer,High,9000004938
C04940,Citizen_4940,F,2003-12-17,Unemployed,Middle,9000004939
C04941,Citizen_4941,M,2001-10-09,Student,Low,9000004940
C04942,Citizen_4942,M,1988-06-09,Farmer,Middle,9000004941
C04943,Citizen_4943,M,1983-04-18,Government Employee,Low,9000004942
C04944,Citizen_4944,F,1985-10-07,Private Employee,High,9000004943
C04945,Citizen_4945,M,1975-07-20,Unemployed,Middle,9000004944
C04946,Citizen_4946,M,2004-05-26,Farmer,Middle,9000004945
C04947,Citizen_4947,M,1989-04-02,Business Owner,Low,9000004946
C04948,Citizen_4948,F,1960-12-13,Government Employee,Low,9000004947
C04949,Citizen_4949,F,1961-06-04,Farmer,High,9000004948
C04950,Citizen_4950,M,1986-06-17,Government Employee,High,9000004949
C04951,Citizen_4951,F,2000-10-14,Government Employee,Low,9000004950
C04952,Citizen_4952,F,1985-08-09,Unemployed,Middle,9000004951
C04953,Citizen_4953,F,1987-12-02,Government Employee,Low,9000004952
C04954,Citizen_4954,M,1991-04-27,Retired,Middle,9000004953
C04955,Citizen_4955,M,1981-10-05,Farmer,High,9000004954
C04956,Citizen_4956,F,1964-01-03,Farmer,Low,9000004955
C04957,Citizen_4957,F,1987-01-16,Agricultural Labour,High,9000004956
C04958,Citizen_4958,F,1967-07-10,Business Owner,High,9000004957
C04959,Citizen_4959,F,1990-10-21,Retired,Low,9000004958
C04960,Citizen_4960,M,1975-01-14,Agricultural Labour,Middle,9000004959
C04961,Citizen_4961,F,1973-06-15,Student,Middle,9000004960
C04962,Citizen_4962,F,1993-10-07,Student,Low,9000004961
C04963,Citizen_4963,F,2002-11-22,Private Employee,Middle,9000004962
C04964,Citizen_4964,M,1971-08-01,Unemployed,High,9000004963
C04965,Citizen_4965,F,1981-07-25,Retired,Low,9000004964
C04966,Citizen_4966,F,1965-11-28,Agricultural Labour,Low,9000004965
C04967,Citizen_4967,M,1975-12-13,Agricultural Labour,Low,9000004966
C04968,Citizen_4968,M,1968-04-16,Retired,Middle,9000004967
C04969,Citizen_4969,F,1998-11-19,Business Owner,High,9000004968
C04970,Citizen_4970,M,2004-12-07,Government Employee,Middle,9000004969
C04971,Citizen_4971,F,1992-08-01,Student,High,9000004970
C04972,Citizen_4972,M,1991-10-03,Farmer,High,9000004971
C04973,Citizen_4973,F,2001-06-04,Farmer,Middle,9000004972
C04974,Citizen_4974,F,1962-08-02,Retired,High,9000004973
C04975,Citizen_4975,M,2008-09-22,Business Owner,Middle,9000004974
C04976,Citizen_4976,F,1992-04-26,Farmer,Low,9000004975
C04977,Citizen_4977,F,1993-06-15,Government Employee,Middle,9000004976
C04978,Citizen_4978,F,2002-05-23,Farmer,Middle,9000004977
C04979,Citizen_4979,F,1999-03-16,Private Employee,High,9000004978
C04980,Citizen_4980,M,1999-01-07,Agricultural Labour,Middle,9000004979
C04981,Citizen_4981,M,2010-11-26,Unemployed,Middle,9000004980
C04982,Citizen_4982,M,2007-02-14,Retired,High,9000004981
C04983,Citizen_4983,F,2007-10-17,Business Owner,Middle,9000004982
C04984,Citizen_4984,F,1962-09-18,Student,High,9000004983
C04985,Citizen_4985,M,1961-04-06,Farmer,Middle,9000004984
C04986,Citizen_4986,F,1987-01-28,Student,Low,9000004985
C04987,Citizen_4987,F,1999-10-25,Farmer,Low,9000004986
C04988,Citizen_4988,F,1970-04-27,Farmer,Low,9000004987
C04989,Citizen_4989,F,1984-04-08,Farmer,High,9000004988
C04990,Citizen_4990,M,1975-06-28,Unemployed,Middle,9000004989
C04991,Citizen_4991,F,1960-04-01,Retired,High,9000004990
C04992,Citizen_4992,M,1982-05-26,Farmer,Low,9000004991
C04993,Citizen_4993,F,1973-03-01,Agricultural Labour,Low,9000004992
C04994,Citizen_4994,F,1973-02-18,Student,Low,9000004993
C04995,Citizen_4995,M,1978-03-07,Agricultural Labour,High,9000004994
C04996,Citizen_4996,M,2004-01-25,Unemployed,High,9000004995
C04997,Citizen_4997,M,1963-05-17,Agricultural Labour,High,9000004996
C04998,Citizen_4998,M,1996-04-02,Student,Middle,9000004997
C04999,Citizen_4999,F,2005-08-07,Student,Middle,9000004998
C05000,Citizen_5000,F,1998-08-07,Private Employee,Middle,9000004999
